,時間軸コード,年次,産業区分1,産業区分2,事業所規模5人以上_現金給与総額_総数_（円）,事業所規模5人以上_現金給与総額_男_（円）,事業所規模5人以上_現金給与総額_女_（円）,事業所規模5人以上_きまって支給する給与_総数_（円）,事業所規模5人以上_きまって支給する給与_男_（円）,事業所規模5人以上_きまって支給する給与_女_（円）,事業所規模5人以上_特別に支払われた給与_総数_（円）,事業所規模5人以上_特別に支払われた給与_男_（円）,事業所規模5人以上_特別に支払われた給与_女_（円）,事業所規模30人以上_現金給与総額_総数_（円）,事業所規模30人以上_現金給与総額_男_（円）,事業所規模30人以上_現金給与総額_女_（円）,事業所規模30人以上_きまって支給する給与_総数_（円）,事業所規模30人以上_きまって支給する給与_男_（円）,事業所規模30人以上_きまって支給する給与_女_（円）,事業所規模30人以上_特別に支払われた給与_総数_（円）,事業所規模30人以上_特別に支払われた給与_男_（円）,事業所規模30人以上_特別に支払われた給与_女_（円）
,2019000000,令和元年,-,調査産業計,287873,377536,190269,242672,313794,165251,45201,63742,25018,322773,410707,217429,267480,335795,185640,55293,74912,31789
,2020000000,令和2年,-,調査産業計,285462,369103,196174,243163,310560,171215,42299,58543,24959,308624,394126,217063,257748,324534,186230,50876,69592,30833
,2021000000,令和3年,-,調査産業計,291665,379635,202465,245049,313566,175575,46616,66069,26890,308866,400690,219685,255845,326347,187373,53021,74343,32312
,2022000000,令和4年,-,調査産業計,289092,374635,204647,245190,312233,179007,43902,62402,25640,309922,398966,221136,257884,326110,189856,52038,72856,31280
,2023000000,令和5年,-,調査産業計,289873,378185,203056,245539,315734,176532,44334,62451,26524,322911,407484,231342,267808,333837,196317,55103,73647,35025
,2023000000,令和5年,C,"鉱業,採石業,砂利採取業",x,x,x,x,x,x,x,x,x,x,x,x,x,x,x,x,x,x
,2023000000,令和5年,D,建設業,425999,449391,326840,368910,393245,265753,57089,56146,61087,522972,562831,409370,415703,455405,302551,107269,107426,106819
,2023000000,令和5年,E,製造業,371193,442960,221727,304954,358231,193995,66239,84729,27732,395647,463789,237458,317483,366994,202545,78164,96795,34913
,2023000000,令和5年,F,電気・ガス・熱供給・水道業,534877,559350,401142,460619,486441,319509,74258,72909,81633,554008,581095,407586,483459,512508,326428,70549,68587,81158
,2023000000,令和5年,G,情報通信業,446246,498193,343218,351745,385083,285625,94501,113110,57593,484434,544325,366714,370522,407611,297620,113912,136714,69094
,2023000000,令和5年,H,"運輸業,郵便業",273145,322649,156629,248440,291798,146391,24705,30851,10238,269215,327622,147456,241885,291671,138098,27330,35951,9358
,2023000000,令和5年,I,"卸売業,小売業",241261,347720,158103,203445,284369,140233,37816,63351,17870,248926,366769,172461,209871,300712,150927,39055,66057,21534
,2023000000,令和5年,J,"金融業,保険業",386947,651758,283898,300012,466702,235146,86935,185056,48752,373320,734578,292548,292352,520818,241270,80968,213760,51278
,2023000000,令和5年,K,"不動産業,物品賃貸業",387801,441634,254026,309480,348487,212547,78321,93147,41479,336396,387276,235458,277606,318590,196302,58790,68686,39156
,2023000000,令和5年,L,"学術研究,専門・技術サービス業",454395,534784,304963,359054,418441,248660,95341,116343,56303,517949,579941,378950,398859,444820,295805,119090,135121,83145
,2023000000,令和5年,M,"宿泊業,飲食サービス業",112495,156612,95058,107733,147579,91984,4762,9033,3074,125867,163032,111396,117104,147779,105160,8763,15253,6236
,2023000000,令和5年,N,"生活関連サービス業,娯楽業",159015,205533,111429,149260,188698,108917,9755,16835,2512,145080,194118,97126,131013,169300,93572,14067,24818,3554
,2023000000,令和5年,O,"教育,学習支援業",401444,459918,349704,310788,350604,275557,90656,109314,74147,457449,508763,397553,346170,384662,301240,111279,124101,96313
,2023000000,令和5年,P,"医療,福祉",295480,388690,265614,255503,341373,227989,39977,47317,37625,345257,425988,311436,292934,369852,260710,52323,56136,50726
,2023000000,令和5年,Q,複合サービス事業,357990,447316,234318,279499,344964,188862,78491,102352,45456,360519,439273,206476,285141,342337,173264,75378,96936,33212
,2023000000,令和5年,R,サービス業（他に分類されないもの）,261906,319830,176888,230437,277774,160959,31469,42056,15929,243005,306547,157483,215814,266987,146940,27191,39560,10543
