,時間軸コード,産業分類コード,産業分類,総数_（人）,総数_男_（人）,総数_女_（人）,個人事業主_総数_（人）,個人事業主_男_（人）,個人事業主_女_（人）,無給の家族従業者_総数_（人）,無給の家族従業者_男_（人）,無給の家族従業者_女_（人）,有給役員_総数_（人）,有給役員_男_（人）,有給役員_女_（人）,常用雇用者_総数_（人）,常用雇用者_総数_男_（人）,常用雇用者_総数_女_（人）,常用雇用者_無期雇用者_総数_（人）,常用雇用者_無期雇用者_男_（人）,常用雇用者_無期雇用者_女_（人）,常用雇用者_有期雇用者_総数_（人）,常用雇用者_有期雇用者_男_（人）,常用雇用者_有期雇用者_女_（人）,臨時雇用者_総数_（人）,臨時雇用者_男_（人）,臨時雇用者_女_（人）
,2021000000,AR,全産業（Ｓ_公務を除く）,517261,271859,238496,8962,6470,2482,1926,393,1533,29050,20313,8718,465812,238856,220290,304996,177778,123575,160816,61078,96715,11511,5827,5473
,2021000000,AB,農林漁業,492,337,155,0,0,0,0,0,0,97,71,26,369,242,127,188,149,39,181,93,88,26,24,2
,2021000000,CR,非農林漁業（Ｓ_公務を除く）,516769,271522,238341,8962,6470,2482,1926,393,1533,28953,20242,8692,465443,238614,220163,304808,177629,123536,160635,60985,96627,11485,5803,5471
,2021000000,Ｃ,鉱業，採石業，砂利採取業,0,0,0,0,0,0,0,0,0,0,0,0,0,0,0,0,0,0,0,0,0,0,0,0
,2021000000,Ｄ,建設業,35298,28210,6933,391,390,1,81,14,67,4835,3572,1258,29249,23612,5489,25455,20911,4417,3794,2701,1072,742,622,118
,2021000000,Ｅ,製造業,38018,25477,12536,355,339,16,94,21,73,3184,2352,832,34030,22568,11457,26197,19236,6957,7833,3332,4500,355,197,158
,2021000000,Ｆ,電気・ガス・熱供給・水道業,1483,1258,225,0,0,0,0,0,0,38,25,13,1445,1233,212,1369,1184,185,76,49,27,0,0,0
,2021000000,Ｇ,情報通信業,11871,8005,3556,10,10,0,3,0,3,701,561,140,11001,7327,3364,8959,6559,2091,2042,768,1273,156,107,49
,2021000000,Ｈ,運輸業，郵便業,29183,23018,6061,18,18,0,2,0,2,725,543,182,27904,22096,5704,21284,17967,3246,6620,4129,2458,534,361,173
,2021000000,Ｉ,卸売業，小売業,115412,57580,55504,1399,1086,312,440,92,348,5340,3871,1467,106566,51862,52383,69909,40209,28569,36657,11653,23814,1667,669,994
,2021000000,Ｊ,金融業，保険業,19134,7997,11010,24,20,4,7,1,6,543,444,99,18539,7523,10889,16244,6880,9239,2295,643,1650,21,9,12
,2021000000,Ｋ,不動産業，物品賃貸業,19053,11412,7466,542,384,158,152,30,122,4420,2560,1860,13696,8296,5225,9643,5879,3606,4053,2417,1619,243,142,101
,2021000000,Ｌ,学術研究，専門・技術サービス業,17656,11199,6418,769,666,102,89,15,74,1910,1429,481,14677,9005,5634,12079,7779,4264,2598,1226,1370,211,84,127
,2021000000,Ｍ,宿泊業，飲食サービス業,42175,16583,24069,1578,1078,499,513,106,407,1010,664,346,37711,14238,21951,12717,6034,6372,24994,8204,15579,1363,497,866
,2021000000,Ｎ,生活関連サービス業，娯楽業,19592,8367,11189,1651,940,709,264,45,219,1055,679,376,15685,6430,9221,9017,3818,5165,6668,2612,4056,937,273,664
,2021000000,Ｏ,教育，学習支援業,19993,9601,10349,673,210,461,63,24,39,515,365,150,18058,8669,9348,8819,4327,4456,9239,4342,4892,684,333,351
,2021000000,Ｐ,医療，福祉,72589,19948,51299,1413,1199,211,186,37,149,2386,1376,1003,67110,16896,49087,46265,12576,32759,20845,4320,16328,1494,440,849
,2021000000,Ｑ,複合サービス事業,4029,2500,1529,0,0,0,0,0,0,20,20,0,3954,2449,1505,3146,1989,1157,808,460,348,55,31,24
,2021000000,Ｒ,サービス業（他に分類されないもの）,71283,40367,30197,139,130,9,32,8,24,2271,1781,485,65818,36410,28694,33705,22281,11053,32113,14129,17641,3023,2038,985
