,時間軸コード,年次,市区名,住宅地_地点数_（地点）,住宅地_継続地点数_（地点）,住宅地_平均価格_（円）,住宅地_平均変動率_（％）,商業地_地点数_（地点）,商業地_継続地点数_（地点）,商業地_平均価格_（円）,商業地_平均変動率_（％）,工業地_地点数_（地点）,工業地_継続地点数_（地点）,工業地_平均価格_（円）,工業地_平均変動率_（％）
,2020000000,令和2年,さいたま市,155,155,205700,2.2,52,51,619300,5,3,3,78200,3.3
,2021000000,令和3年,さいたま市,155,154,206300,-0.7,52,52,611800,-1,3,3,79100,1.1
,2022000000,令和4年,さいたま市,155,153,210500,1.5,52,52,621900,1.2,3,3,80800,2.3
,2023000000,令和5年,さいたま市,156,154,222100,2.8,52,52,647900,3.3,3,3,82800,2.5
,2024000000,令和6年,さいたま市,156,152,229500,2.7,52,52,686800,4.4,3,3,85100,2.7
,2024000000,令和6年,西区,9,9,110500,2.2,1,1,119000,1.7,0,0,0,0
,2024000000,令和6年,北区,21,21,185200,2.5,3,3,346300,2.7,2,2,86300,2.6
,2024000000,令和6年,大宮区,17,17,327500,3.6,16,16,1185600,5.6,0,0,0,0
,2024000000,令和6年,見沼区,15,14,116800,1.3,3,3,177700,2.2,1,1,82700,3.1
,2024000000,令和6年,中央区,14,14,297000,3.3,7,7,442400,3.2,0,0,0,0
,2024000000,令和6年,桜区,9,8,171300,2,1,1,173000,1.2,0,0,0,0
,2024000000,令和6年,浦和区,20,20,394000,3.6,12,12,713200,6,0,0,0,0
,2024000000,令和6年,南区,20,18,288900,2.9,3,3,668300,3.7,0,0,0,0
,2024000000,令和6年,緑区,17,17,178300,2,2,2,314000,3.3,0,0,0,0
,2024000000,令和6年,岩槻区,14,14,86800,2.5,4,4,148800,2.8,0,0,0,0
