,時間軸コード,地域,市区名,人口_平成27年_（人）,人口_令和2年（a）_（人）,平成27年～令和2年の人口増減数_実数_（人）,平成27年～令和2年の人口増減率_率_（％）,面積_（b）_（㎢）,人口密度_（a）/（b）_（人/㎢）,世帯数_平成27年_（世帯）,世帯数_令和2年_（世帯）,平成27年～令和2年の世帯数増減数_実数_（世帯）,平成27年～令和2年の世帯数増減率_率_（％）
,2020000000,全域,さいたま市,1263979,1324025,60046,4.75055,217.43,6089.4,533209,582475,49266,9.23953
,2020000000,全域,西区,87146,93499,6353,7.29006,29.12,3210.8,33871,38197,4326,12.77199
,2020000000,全域,北区,143446,149242,5796,4.04054,16.86,8851.8,61756,66563,4807,7.78386
,2020000000,全域,大宮区,113864,117784,3920,3.4427,12.8,9201.9,53265,55188,1923,3.61025
,2020000000,全域,見沼区,161960,165049,3089,1.90726,30.69,5377.9,65666,70603,4937,7.51835
,2020000000,全域,中央区,98762,103269,4507,4.5635,8.39,12308.6,42872,47770,4898,11.42471
,2020000000,全域,桜区,97910,98661,751,0.76703,18.64,5293,43331,46374,3043,7.02269
,2020000000,全域,浦和区,154416,164822,10406,6.73894,11.51,14319.9,67136,74499,7363,10.96729
,2020000000,全域,南区,180152,191563,11411,6.3341,13.82,13861.3,77895,86081,8186,10.50902
,2020000000,全域,緑区,116522,128321,11799,10.12598,26.44,4853.3,44475,50836,6361,14.30242
,2020000000,全域,岩槻区,109801,111815,2014,1.83423,49.17,2274,42942,46364,3422,7.96889
,2020000000,人口集中地区,さいたま市,1165497,1243417,77920,6.68556,122.48,10152,498096,552284,54188,10.87903
,2020000000,人口集中地区,西区,63412,71080,7668,12.09235,9.52,7466.4,25252,29678,4426,17.52732
,2020000000,人口集中地区,西区_I,56929,64392,7463,13.10931,8.58,7504.9,22758,27003,4245,18.65278
,2020000000,人口集中地区,西区_II,6483,6688,205,3.16212,0.94,7114.9,2494,2675,181,7.25742
,2020000000,人口集中地区,北区,141771,149033,7262,5.12235,16,9314.6,61101,66494,5393,8.82637
,2020000000,人口集中地区,大宮区,113560,117490,3930,3.46073,12.35,9513.4,53140,55052,1912,3.59804
,2020000000,人口集中地区,見沼区,149022,152773,3751,2.51708,17.65,8655.7,61343,66141,4798,7.82159
,2020000000,人口集中地区,中央区,98762,103269,4507,4.5635,8.39,12308.6,42872,47770,4898,11.42471
,2020000000,人口集中地区,桜区,94724,95598,874,0.92268,9.74,9815,42175,45228,3053,7.23889
,2020000000,人口集中地区,浦和区,154383,164780,10397,6.73455,10.93,15075.9,67116,74482,7366,10.97503
,2020000000,人口集中地区,南区,180133,191531,11398,6.32755,13.62,14062.5,77888,86068,8180,10.50226
,2020000000,人口集中地区,緑区,95392,119495,24103,25.26732,12.88,9277.6,36695,47508,10813,29.46723
,2020000000,人口集中地区,緑区_I,95392,100084,4692,4.91865,10.45,9577.4,36695,39828,3133,8.53795
,2020000000,人口集中地区,緑区_II,0,19411,19411,0,2.44,7955.3,0,7680,7680,0
,2020000000,人口集中地区,岩槻区,74338,78368,4030,5.42118,11.39,6880.4,30514,33863,3349,10.97529
,2020000000,人口集中地区,岩槻区_I,74338,73249,-1089,-1.46493,10.79,6788.6,30514,31881,1367,4.47991
,2020000000,人口集中地区,岩槻区_II,0,5119,5119,0,0.6,8531.7,0,1982,1982,0
