,時間軸コード,区分コード,区分,従業者規模,事業所数_（事業所）,従業者数_（人）,売上(収入)金額_（百万円）,結婚式・披露宴の年間取扱件数_（件）,葬儀の年間取扱件数_（件）,年間入場者数_（人）,年間公開本数_（本）,年間施設利用者数_（人）,受講生数(在籍者数)_（人）,受講生数(会員数)_（人）
,2021000000,796,冠婚葬祭業,総数,79,1611,20989,1884,16326,0,0,0,0,0
,2021000000,796,冠婚葬祭業,1～4人,35,72,3885,0,3074,0,0,0,0,0
,2021000000,796,冠婚葬祭業,5～9人,15,103,6246,75,3731,0,0,0,0,0
,2021000000,796,冠婚葬祭業,10～29人,12,210,1788,77,2313,0,0,0,0,0
,2021000000,796,冠婚葬祭業,30～49人,6,207,1929,428,4897,0,0,0,0,0
,2021000000,796,冠婚葬祭業,50～99人,4,293,X,X,X,0,0,0,0,0
,2021000000,796,冠婚葬祭業,100～299人,5,726,2494,729,0,0,0,0,0,0
,2021000000,796,冠婚葬祭業,300～499人,0,0,0,0,0,0,0,0,0,0
,2021000000,796,冠婚葬祭業,500人以上,0,0,0,0,0,0,0,0,0,0
,2021000000,796,冠婚葬祭業,出向・派遣従業者のみ,2,0,X,X,X,0,0,0,0,0
,2021000000,801,映画館,総数,4,259,2593,0,0,1674853,1058,0,0,0
,2021000000,801,映画館,1～4人,0,0,0,0,0,0,0,0,0,0
,2021000000,801,映画館,5～9人,0,0,0,0,0,0,0,0,0,0
,2021000000,801,映画館,10～29人,0,0,0,0,0,0,0,0,0,0
,2021000000,801,映画館,30～49人,2,93,X,0,0,X,X,0,0,0
,2021000000,801,映画館,50～99人,2,166,X,0,0,X,X,0,0,0
,2021000000,801,映画館,100～299人,0,0,0,0,0,0,0,0,0,0
,2021000000,801,映画館,300～499人,0,0,0,0,0,0,0,0,0,0
,2021000000,801,映画館,500人以上,0,0,0,0,0,0,0,0,0,0
,2021000000,801,映画館,出向・派遣従業者のみ,0,0,0,0,0,0,0,0,0,0
,2021000000,802,興行場(別掲を除く)，興行団,総数,12,87,3425,0,0,83582,0,0,0,0
,2021000000,802,興行場(別掲を除く)，興行団,1～4人,8,17,323,0,0,25000,0,0,0,0
,2021000000,802,興行場(別掲を除く)，興行団,5～9人,2,14,X,0,0,X,0,0,0,0
,2021000000,802,興行場(別掲を除く)，興行団,10～29人,1,23,X,0,0,X,0,0,0,0
,2021000000,802,興行場(別掲を除く)，興行団,30～49人,1,33,X,0,0,X,0,0,0,0
,2021000000,802,興行場(別掲を除く)，興行団,50～99人,0,0,0,0,0,0,0,0,0,0
,2021000000,802,興行場(別掲を除く)，興行団,100～299人,0,0,0,0,0,0,0,0,0,0
,2021000000,802,興行場(別掲を除く)，興行団,300～499人,0,0,0,0,0,0,0,0,0,0
,2021000000,802,興行場(別掲を除く)，興行団,500人以上,0,0,0,0,0,0,0,0,0,0
,2021000000,802,興行場(別掲を除く)，興行団,出向・派遣従業者のみ,0,0,0,0,0,0,0,0,0,0
,2021000000,804,スポーツ施設提供業,総数,105,1703,11492,0,0,0,0,3687279,0,0
,2021000000,804,スポーツ施設提供業,1～4人,35,100,1028,0,0,0,0,465848,0,0
,2021000000,804,スポーツ施設提供業,5～9人,28,178,1220,0,0,0,0,397859,0,0
,2021000000,804,スポーツ施設提供業,10～29人,21,368,3352,0,0,0,0,1086974,0,0
,2021000000,804,スポーツ施設提供業,30～49人,9,334,1782,0,0,0,0,725974,0,0
,2021000000,804,スポーツ施設提供業,50～99人,9,603,3081,0,0,0,0,825200,0,0
,2021000000,804,スポーツ施設提供業,100～299人,1,120,X,0,0,0,0,X,0,0
,2021000000,804,スポーツ施設提供業,300～499人,0,0,0,0,0,0,0,0,0,0
,2021000000,804,スポーツ施設提供業,500人以上,0,0,0,0,0,0,0,0,0,0
,2021000000,804,スポーツ施設提供業,出向・派遣従業者のみ,2,0,X,0,0,0,0,X,0,0
,2021000000,823,学習塾,総数,320,4081,29978,0,0,0,0,0,38591,0
,2021000000,823,学習塾,1～4人,116,232,4263,0,0,0,0,0,6778,0
,2021000000,823,学習塾,5～9人,63,437,2827,0,0,0,0,0,5313,0
,2021000000,823,学習塾,10～29人,110,1929,17910,0,0,0,0,0,20221,0
,2021000000,823,学習塾,30～49人,21,763,3003,0,0,0,0,0,4008,0
,2021000000,823,学習塾,50～99人,9,615,X,0,0,0,0,0,X,0
,2021000000,823,学習塾,100～299人,1,105,X,0,0,0,0,0,X,0
,2021000000,823,学習塾,300～499人,0,0,0,0,0,0,0,0,0,0
,2021000000,823,学習塾,500人以上,0,0,0,0,0,0,0,0,0,0
,2021000000,823,学習塾,出向・派遣従業者のみ,0,0,0,0,0,0,0,0,0,0
,2021000000,824,教養・技能教授業,総数,263,2403,14636,0,0,0,0,0,0,118818
,2021000000,824,教養・技能教授業,1～4人,132,294,2467,0,0,0,0,0,0,43218
,2021000000,824,教養・技能教授業,5～9人,68,452,2336,0,0,0,0,0,0,22011
,2021000000,824,教養・技能教授業,10～29人,51,861,5395,0,0,0,0,0,0,39557
,2021000000,824,教養・技能教授業,30～49人,7,277,1028,0,0,0,0,0,0,10264
,2021000000,824,教養・技能教授業,50～99人,1,58,X,0,0,0,0,0,0,X
,2021000000,824,教養・技能教授業,100～299人,1,112,X,0,0,0,0,0,0,X
,2021000000,824,教養・技能教授業,300～499人,1,349,X,0,0,0,0,0,0,X
,2021000000,824,教養・技能教授業,500人以上,0,0,0,0,0,0,0,0,0,0
,2021000000,824,教養・技能教授業,出向・派遣従業者のみ,2,0,X,0,0,0,0,0,0,X
