,時間軸コード,年度,種類別,市区名,総数_（戸）,木造_（戸）,簡易耐火_（戸）,耐火構造二階建て_（戸）,中層耐火_（戸）,高層耐火_（戸）
,2019100000,令和元年度,総数,さいたま市,2598,0,40,16,2165,377
,2020100000,令和2年度,総数,さいたま市,2678,0,40,16,2245,377
,2021100000,令和3年度,総数,さいたま市,2678,0,40,16,2245,377
,2022100000,令和4年度,総数,さいたま市,2507,0,0,16,2114,377
,2023100000,令和5年度,総数,さいたま市,2507,0,0,16,2114,377
,2023100000,令和5年度,公営住宅,さいたま市,2480,0,0,16,2087,255
,2023100000,令和5年度,公営住宅（うち借上）,さいたま市,122,0,0,0,0,122
,2023100000,令和5年度,改良住宅,さいたま市,12,0,0,0,12,0
,2023100000,令和5年度,市民住宅,さいたま市,15,0,0,0,15,0
,2023100000,令和5年度,総数,西区,205,0,0,0,205,0
,2023100000,令和5年度,総数,北区,370,0,0,16,232,122
,2023100000,令和5年度,総数,大宮区,45,0,0,0,45,0
,2023100000,令和5年度,総数,見沼区,364,0,0,0,186,178
,2023100000,令和5年度,総数,中央区,180,0,0,0,180,0
,2023100000,令和5年度,総数,桜区,50,0,0,0,50,0
,2023100000,令和5年度,総数,浦和区,201,0,0,0,201,0
,2023100000,令和5年度,総数,南区,583,0,0,0,506,77
,2023100000,令和5年度,総数,緑区,221,0,0,0,221,0
,2023100000,令和5年度,総数,岩槻区,288,0,0,0,288,0
