,時間軸コード,年次,警察署別,認知件数_総数_（件）,認知件数_刑法犯_総数_（件）,認知件数_刑法犯_凶悪犯_総数_（件）,認知件数_刑法犯_凶悪犯_殺人_（件）,認知件数_刑法犯_凶悪犯_強盗_（件）,認知件数_刑法犯_凶悪犯_放火_（件）,認知件数_刑法犯_凶悪犯_不同意性交等_（件）,認知件数_刑法犯_粗暴犯_総数_（件）,認知件数_刑法犯_粗暴犯_凶器準備集合_（件）,認知件数_刑法犯_粗暴犯_暴行_（件）,認知件数_刑法犯_粗暴犯_傷害_（件）,認知件数_刑法犯_粗暴犯_脅迫_（件）,認知件数_刑法犯_粗暴犯_恐喝_（件）,認知件数_刑法犯_窃盗犯_（件）,認知件数_刑法犯_知能犯_総数_（件）,認知件数_刑法犯_知能犯_詐欺_（件）,認知件数_刑法犯_知能犯_その他_（件）,認知件数_刑法犯_風俗犯_総数_（件）,認知件数_刑法犯_風俗犯_賭博_（件）,認知件数_刑法犯_風俗犯_わいせつ_（件）,認知件数_刑法犯_風俗犯_性的姿態撮影等処罰法_（件）,認知件数_刑法犯_その他の刑法犯_（件）,認知件数_特別法令違反_総数_（件）,認知件数_特別法令違反_軽犯罪_（件）,認知件数_特別法令違反_その他の法令違反_（件）,検挙（解決）件数_総数_（件）,検挙（解決）件数_刑法犯_総数_（件）,検挙（解決）件数_刑法犯_凶悪犯_総数_（件）,検挙（解決）件数_刑法犯_凶悪犯_殺人_（件）,検挙（解決）件数_刑法犯_凶悪犯_強盗_（件）,検挙（解決）件数_刑法犯_凶悪犯_放火_（件）,検挙（解決）件数_刑法犯_凶悪犯_不同意性交等_（件）,検挙（解決）件数_刑法犯_粗暴犯_総数_（件）,検挙（解決）件数_刑法犯_粗暴犯_凶器準備集合_（件）,検挙（解決）件数_刑法犯_粗暴犯_暴行_（件）,検挙（解決）件数_刑法犯_粗暴犯_傷害_（件）,検挙（解決）件数_刑法犯_粗暴犯_脅迫_（件）,検挙（解決）件数_刑法犯_粗暴犯_恐喝_（件）,検挙（解決）件数_刑法犯_窃盗犯_（件）,検挙（解決）件数_刑法犯_知能犯_総数_（件）,検挙（解決）件数_刑法犯_知能犯_詐欺_（件）,検挙（解決）件数_刑法犯_知能犯_その他_（件）,検挙（解決）件数_刑法犯_風俗犯_総数_（件）,検挙（解決）件数_刑法犯_風俗犯_賭博_（件）,検挙（解決）件数_刑法犯_風俗犯_わいせつ_（件）,検挙（解決）件数_刑法犯_風俗犯_性的姿態撮影等処罰法_（件）,検挙（解決）件数_刑法犯_その他の刑法犯_（件）,検挙（解決）件数_特別法令違反_総数_（件）,検挙（解決）件数_特別法令違反_軽犯罪_（件）,検挙（解決）件数_特別法令違反_その他の法令違反_（件）
,2020000000,令和2年,総数,8341,8341,55,15,24,2,14,690,0,394,243,43,10,5677,380,345,35,81,0,81,0,1458,0,0,0,4465,3565,52,14,21,3,14,609,0,333,222,45,9,2134,187,162,25,85,0,85,0,498,900,356,544
,2021000000,令和3年,総数,7156,7156,39,12,9,4,14,579,0,321,215,39,4,4979,363,340,23,91,0,91,0,1105,0,0,0,3613,2829,41,13,9,4,15,493,0,267,191,33,2,1645,188,169,19,85,0,85,0,377,784,259,525
,2022000000,令和4年,総数,7473,7473,55,12,22,8,13,584,1,291,229,49,14,5192,423,389,34,99,0,99,0,1120,0,0,0,3427,2673,53,12,19,7,15,440,1,218,168,44,9,1564,139,120,19,91,0,91,0,386,754,205,549
,2023000000,令和5年,総数,9128,9128,67,18,21,7,21,746,0,381,281,75,9,6386,570,538,32,158,0,151,7,1201,0,0,0,3476,2649,61,16,22,7,16,554,0,288,206,58,2,1379,182,163,19,120,0,116,4,353,827,242,585
,2024000000,令和6年,総数,9489,9489,77,10,21,9,37,693,1,324,279,76,13,6729,624,594,30,266,4,167,95,1100,0,0,0,4078,3399,64,9,21,7,27,564,1,246,241,62,14,1813,306,282,24,226,2,134,90,426,679,107,572
,2024000000,令和6年,浦和署,1899,1899,10,3,0,0,7,167,0,86,60,18,3,1287,118,114,4,84,1,49,34,233,0,0,0,924,764,8,3,0,0,5,125,0,59,49,15,2,407,69,66,3,70,0,38,32,85,160,27,133
,2024000000,令和6年,浦和東署,785,785,4,1,1,1,1,50,0,20,19,10,1,573,70,68,2,11,0,10,1,77,0,0,0,297,252,5,1,2,1,1,40,0,16,18,6,0,148,17,14,3,12,0,11,1,30,45,1,44
,2024000000,令和6年,浦和西署,1223,1223,6,0,2,1,3,54,0,22,29,3,0,918,77,74,3,33,0,25,8,135,0,0,0,502,422,6,0,2,1,3,51,0,21,26,3,1,247,19,16,3,31,0,21,10,68,80,8,72
,2024000000,令和6年,大宮署,2551,2551,30,3,7,5,15,214,1,95,92,18,8,1723,201,189,12,89,3,50,36,294,0,0,0,1172,963,22,3,6,3,10,180,0,77,76,18,9,447,113,106,7,74,2,39,33,127,209,50,159
,2024000000,令和6年,大宮東署,1035,1035,10,3,2,0,5,88,0,35,36,16,1,758,43,40,3,21,0,16,5,115,0,0,0,348,302,8,2,2,0,4,66,1,20,32,11,2,156,24,23,1,17,0,12,5,31,46,11,35
,2024000000,令和6年,大宮西署,695,695,11,0,6,1,4,53,0,34,14,5,0,483,49,47,2,11,0,9,2,88,0,0,0,284,236,10,0,6,1,3,47,0,31,11,5,0,110,25,24,1,8,0,5,3,36,48,5,43
,2024000000,令和6年,岩槻署,1301,1301,6,0,3,1,2,67,0,32,29,6,0,987,66,62,4,17,0,8,9,158,0,0,0,551,460,5,0,3,1,1,55,0,22,29,4,0,298,39,33,6,14,0,8,6,49,91,5,86
