,時間軸コード,年度,原因別,総数_件数_（件）,総数_金額_（百万円）,建設業_件数_（件）,建設業_金額_（百万円）,製造業_件数_（件）,製造業_金額_（百万円）,卸売業_件数_（件）,卸売業_金額_（百万円）,小売業_件数_（件）,小売業_金額_（百万円）,金融・保険業_件数_（件）,金融・保険業_金額_（百万円）,不動産業_件数_（件）,不動産業_金額_（百万円）,運輸･通信業_件数_（件）,運輸･通信業_金額_（百万円）,サービス業他_件数_（件）,サービス業他_金額_（百万円）
,2020100000,令和2年度,総数,56,4561,12,1500,8,1671,10,569,3,240,0,0,2,60,5,180,16,341
,2021100000,令和3年度,総数,45,4739,9,1376,4,272,9,653,2,107,0,0,1,14,5,366,15,1951
,2022100000,令和4年度,総数,55,1139640,8,488,4,3031,10,1440,3,445,0,0,4,60,3,200,23,1133976
,2023100000,令和5年度,総数,69,4180,24,1574,5,431,6,208,7,250,0,0,1,10,8,525,18,1182
,2024100000,令和6年度,総数,59,6202,18,3267,3,164,6,450,7,391,0,0,0,0,7,913,18,1017
,2024100000,令和6年度,放漫経営,1,62,0,0,0,0,0,0,0,0,0,0,0,0,0,0,1,62
,2024100000,令和6年度,過小資本,1,1480,1,1480,0,0,0,0,0,0,0,0,0,0,0,0,0,0
,2024100000,令和6年度,他社倒産の余波,1,23,0,0,0,0,0,0,0,0,0,0,0,0,0,0,1,23
,2024100000,令和6年度,既往のシワ寄せ,6,564,3,351,0,0,0,0,1,27,0,0,0,0,1,100,1,86
,2024100000,令和6年度,信用性低下,1,39,1,39,0,0,0,0,0,0,0,0,0,0,0,0,0,0
,2024100000,令和6年度,販売不振,49,4034,13,1397,3,164,6,450,6,364,0,0,0,0,6,813,15,846
,2024100000,令和6年度,売掛金回収難,0,0,0,0,0,0,0,0,0,0,0,0,0,0,0,0,0,0
,2024100000,令和6年度,在庫状態悪化,0,0,0,0,0,0,0,0,0,0,0,0,0,0,0,0,0,0
,2024100000,令和6年度,設備投資過大,0,0,0,0,0,0,0,0,0,0,0,0,0,0,0,0,0,0
,2024100000,令和6年度,その他,0,0,0,0,0,0,0,0,0,0,0,0,0,0,0,0,0,0
