,時間軸コード,市区名,男女,総数_（人）,Ａ_農業，林業_（人）,Ｂ_漁業_（人）,Ｃ_鉱業，採石業，砂利採取業_（人）,Ｄ_建設業_（人）,Ｅ_製造業_（人）,Ｆ_電気・ガス・熱供給・水道業_（人）,Ｇ_情報通信業_（人）,Ｈ_運輸業，郵便業_（人）,Ｉ_卸売業，小売業_（人）,Ｊ_金融業，保険業_（人）,Ｋ_不動産業，物品賃貸業_（人）,Ｌ_学術研究，専門・技術サービス業_（人）,Ｍ_宿泊業，飲食サービス業_（人）,Ｎ_生活関連サービス業，娯楽業_（人）,Ｏ_教育，学習支援業_（人）,Ｐ_医療，福祉_（人）,Ｑ_複合サービス事業_（人）,Ｒ_サービス業（他に分類されないもの）_（人）,Ｓ_公務（他に分類されるものを除く）_（人）,Ｔ_分類不能の産業_（人）
,2020000000,さいたま市,総数,593727,4098,18,81,39167,65505,2559,37311,32672,98399,23617,19927,30209,30201,19875,32356,67686,2706,46070,22191,19079
,2020000000,西区,総数,40277,409,1,1,3406,4514,148,1608,2491,6924,968,1091,1543,2045,1459,1989,5300,187,3341,1547,1305
,2020000000,北区,総数,67622,208,0,2,3979,8146,289,3902,3415,11886,2409,2273,3517,3298,2147,3441,7464,353,5114,3964,1815
,2020000000,大宮区,総数,54932,135,4,6,3088,5699,283,3862,2485,8877,2549,2252,3366,2976,1893,3029,6270,251,4291,1901,1715
,2020000000,見沼区,総数,68800,828,1,4,5325,7193,245,3359,4246,11792,2014,2111,2858,3867,2404,3665,8963,271,5553,1923,2178
,2020000000,中央区,総数,46978,87,1,5,2684,4813,338,3216,2038,7569,2293,1679,2597,2351,1552,2739,5373,348,3885,1921,1489
,2020000000,桜区,総数,43977,203,0,5,3415,4897,140,2485,2821,7482,1189,1272,1709,2732,1722,2353,4844,185,3664,1294,1565
,2020000000,浦和区,総数,75747,132,0,27,3315,7638,398,6444,2858,11700,4975,2965,5260,3416,2133,4823,8082,340,5586,3407,2248
,2020000000,南区,総数,89004,200,6,25,5386,10070,345,7385,4464,14491,4340,3328,5059,4290,2932,4877,8751,300,6836,3019,2900
,2020000000,緑区,総数,59016,849,1,4,4419,5592,244,3544,3393,9956,1928,1871,2823,2962,2016,3457,7435,221,4322,1984,1995
,2020000000,岩槻区,総数,47374,1047,4,2,4150,6943,129,1506,4461,7722,952,1085,1477,2264,1617,1983,5204,250,3478,1231,1869
,2020000000,さいたま市,男,331940,2514,15,68,31779,46844,2051,27572,24754,48665,11437,12203,19382,11676,8439,13993,17110,1527,26851,15163,9897
,2020000000,西区,男,22590,264,1,1,2824,3168,115,1213,1993,3363,402,658,986,718,636,870,1302,116,2112,1198,650
,2020000000,北区,男,38234,139,0,2,3173,5999,236,2873,2609,5821,1148,1397,2292,1204,824,1473,1870,182,2961,3067,964
,2020000000,大宮区,男,30868,90,3,5,2471,4225,231,2832,1969,4480,1268,1322,2212,1167,812,1253,1808,137,2505,1210,868
,2020000000,見沼区,男,38291,468,1,3,4345,5070,199,2543,3283,5812,845,1365,1856,1456,1060,1710,2204,155,3428,1379,1109
,2020000000,中央区,男,25897,53,1,5,2137,3530,287,2336,1584,3704,1167,1027,1674,884,649,1118,1337,211,2205,1166,822
,2020000000,桜区,男,24697,128,0,5,2823,3352,106,1868,2118,3692,501,801,1100,1188,759,1102,1177,115,2125,908,829
,2020000000,浦和区,男,41440,92,0,22,2602,5605,297,4612,2194,5956,2610,1736,3258,1367,890,1975,2195,160,2867,1974,1028
,2020000000,南区,男,50008,140,4,20,4361,7112,261,5512,3246,7045,2250,2024,3203,1783,1307,2068,2130,174,3874,1910,1584
,2020000000,緑区,男,33015,521,1,3,3606,4126,210,2636,2568,4967,863,1186,1845,1119,873,1536,1781,129,2613,1427,1005
,2020000000,岩槻区,男,26900,619,4,2,3437,4657,109,1147,3190,3825,383,687,956,790,629,888,1306,148,2161,924,1038
,2020000000,さいたま市,女,261787,1584,3,13,7388,18661,508,9739,7918,49734,12180,7724,10827,18525,11436,18363,50576,1179,19219,7028,9182
,2020000000,西区,女,17687,145,0,0,582,1346,33,395,498,3561,566,433,557,1327,823,1119,3998,71,1229,349,655
,2020000000,北区,女,29388,69,0,0,806,2147,53,1029,806,6065,1261,876,1225,2094,1323,1968,5594,171,2153,897,851
,2020000000,大宮区,女,24064,45,1,1,617,1474,52,1030,516,4397,1281,930,1154,1809,1081,1776,4462,114,1786,691,847
,2020000000,見沼区,女,30509,360,0,1,980,2123,46,816,963,5980,1169,746,1002,2411,1344,1955,6759,116,2125,544,1069
,2020000000,中央区,女,21081,34,0,0,547,1283,51,880,454,3865,1126,652,923,1467,903,1621,4036,137,1680,755,667
,2020000000,桜区,女,19280,75,0,0,592,1545,34,617,703,3790,688,471,609,1544,963,1251,3667,70,1539,386,736
,2020000000,浦和区,女,34307,40,0,5,713,2033,101,1832,664,5744,2365,1229,2002,2049,1243,2848,5887,180,2719,1433,1220
,2020000000,南区,女,38996,60,2,5,1025,2958,84,1873,1218,7446,2090,1304,1856,2507,1625,2809,6621,126,2962,1109,1316
,2020000000,緑区,女,26001,328,0,1,813,1466,34,908,825,4989,1065,685,978,1843,1143,1921,5654,92,1709,557,990
,2020000000,岩槻区,女,20474,428,0,0,713,2286,20,359,1271,3897,569,398,521,1474,988,1095,3898,102,1317,307,831
