,時間軸コード,年度,区分1,区分2,徴収決定済額_（千円）,収納済額_（千円）
,2019100000,令和元年度,総額,-,559871267,545387587
,2019100000,令和元年度,所得税,総額,222380927,219311986
,2019100000,令和元年度,所得税,源泉所得税,157156,34777
,2019100000,令和元年度,所得税,源泉所得税及復興特別所得税,161379212,161048063
,2019100000,令和元年度,所得税,申告所得税,690016,110626
,2019100000,令和元年度,所得税,申告所得税及復興特別所得税,60154543,58118520
,2019100000,令和元年度,法人税,-,72893747,72240013
,2019100000,令和元年度,復興特別法人税,-,X,X
,2019100000,令和元年度,地方法人税,-,3338377,3314849
,2019100000,令和元年度,相続税,-,43605254,39844586
,2019100000,令和元年度,消費税,-,2016,235
,2019100000,令和元年度,消費税及び地方消費税,-,197415683,190443027
,2019100000,令和元年度,酒税,-,X,X
,2019100000,令和元年度,たばこ税及びたばこ特別税,-,13740733,13740724
,2019100000,令和元年度,揮発油税及び地方道路税,-,0,0
,2019100000,令和元年度,揮発油税及地方揮発油税,-,X,X
,2019100000,令和元年度,その他,-,X,X
,2019100000,令和元年度,（別掲）地価税,-,865,0
,2019100000,令和元年度,（別掲）たばこ税,-,981,876
,2019100000,令和元年度,（別掲）石油石炭税,-,3103735,3103735
,2019100000,令和元年度,（別掲）旧税,-,1013,0
,2019100000,令和元年度,（別掲）電源開発促進税,-,0,0
,2019100000,令和元年度,（別掲）石油ガス税,-,1314666,1314010
,2019100000,令和元年度,（別掲）自動車重量税,-,17366,17366
,2019100000,令和元年度,（別掲）航空機燃料税,-,49082,48842
,2019100000,令和元年度,（別掲）印紙収入,-,X,X
,2020100000,令和2年度,総額,-,626586729,609060357
,2020100000,令和2年度,所得税,総額,228118265,223321791
,2020100000,令和2年度,所得税,源泉所得税,106979,22337
,2020100000,令和2年度,所得税,源泉所得税及復興特別所得税,167494434,165599314
,2020100000,令和2年度,所得税,申告所得税,467369,53134
,2020100000,令和2年度,所得税,申告所得税及復興特別所得税,60049483,57647006
,2020100000,令和2年度,法人税,-,90277739,88799069
,2020100000,令和2年度,復興特別法人税,-,X,X
,2020100000,令和2年度,地方法人税,-,8221218,8135424
,2020100000,令和2年度,相続税,-,58280513,53354092
,2020100000,令和2年度,消費税,-,559,238
,2020100000,令和2年度,消費税及び地方消費税,-,232478198,226241286
,2020100000,令和2年度,酒税,-,X,X
,2020100000,令和2年度,たばこ税及びたばこ特別税,-,3125034,3125034
,2020100000,令和2年度,揮発油税及び地方道路税,-,0,0
,2020100000,令和2年度,揮発油税及地方揮発油税,-,X,X
,2020100000,令和2年度,その他,-,X,X
,2020100000,令和2年度,（別掲）地価税,-,865,68
,2020100000,令和2年度,（別掲）たばこ税,-,902614,898187
,2020100000,令和2年度,（別掲）石油石炭税,-,2917956,2917956
,2020100000,令和2年度,（別掲）旧税,-,733,0
,2020100000,令和2年度,（別掲）電源開発促進税,-,0,0
,2020100000,令和2年度,（別掲）石油ガス税,-,985179,984947
,2020100000,令和2年度,（別掲）自動車重量税,-,6672,6672
,2020100000,令和2年度,（別掲）航空機燃料税,-,37854,37542
,2020100000,令和2年度,（別掲）印紙収入,-,X,X
,2021100000,令和3年度,総額,-,666555152,654693889
,2021100000,令和3年度,所得税,総額,249692652,246695396
,2021100000,令和3年度,所得税,源泉所得税,82094,15094
,2021100000,令和3年度,所得税,源泉所得税及復興特別所得税,178592205,178140685
,2021100000,令和3年度,所得税,申告所得税,377556,51591
,2021100000,令和3年度,所得税,申告所得税及復興特別所得税,70640797,68488026
,2021100000,令和3年度,法人税,-,98431976,97764506
,2021100000,令和3年度,復興特別法人税,-,X,X
,2021100000,令和3年度,地方法人税,-,10922238,10871521
,2021100000,令和3年度,相続税,-,61695138,58067726
,2021100000,令和3年度,消費税,-,1507,94
,2021100000,令和3年度,消費税及び地方消費税,-,239799217,235284116
,2021100000,令和3年度,酒税,-,2473918,2473776
,2021100000,令和3年度,たばこ税及びたばこ特別税,-,0,0
,2021100000,令和3年度,揮発油税及び地方道路税,-,0,0
,2021100000,令和3年度,揮発油税及地方揮発油税,-,1282,1282
,2021100000,令和3年度,その他,-,X,X
,2021100000,令和3年度,（別掲）地価税,-,37,0
,2021100000,令和3年度,（別掲）たばこ税,-,849316,848874
,2021100000,令和3年度,（別掲）石油石炭税,-,2799849,2799849
,2021100000,令和3年度,（別掲）旧税,-,733,0
,2021100000,令和3年度,（別掲）電源開発促進税,-,0,0
,2021100000,令和3年度,（別掲）石油ガス税,-,958163,958143
,2021100000,令和3年度,（別掲）自動車重量税,-,3914,3914
,2021100000,令和3年度,（別掲）航空機燃料税,-,21315,21193
,2021100000,令和3年度,（別掲）印紙収入,-,X,X
,2022100000,令和4年度,総額,-,670649404,661962777
,2022100000,令和4年度,所得税,総額,249382908,246751872
,2022100000,令和4年度,所得税,源泉所得税,73000,13445
,2022100000,令和4年度,所得税,源泉所得税及復興特別所得税,171988592,171517962
,2022100000,令和4年度,所得税,申告所得税,316313,47012
,2022100000,令和4年度,所得税,申告所得税及復興特別所得税,77005003,75173453
,2022100000,令和4年度,法人税,-,104716990,103943565
,2022100000,令和4年度,復興特別法人税,-,X,X
,2022100000,令和4年度,地方法人税,-,11266995,11202045
,2022100000,令和4年度,相続税,-,60531744,59641997
,2022100000,令和4年度,消費税,-,1678,2
,2022100000,令和4年度,消費税及び地方消費税,-,238650018,234326057
,2022100000,令和4年度,酒税,-,2463065,2462707
,2022100000,令和4年度,たばこ税及びたばこ特別税,-,0,0
,2022100000,令和4年度,揮発油税及び地方道路税,-,0,0
,2022100000,令和4年度,揮発油税及地方揮発油税,-,X,X
,2022100000,令和4年度,その他,-,X,X
,2022100000,令和4年度,（別掲）地価税,-,37,－
,2022100000,令和4年度,（別掲）たばこ税,-,3454,3411
,2022100000,令和4年度,（別掲）石油石炭税,-,2441191,2440955
,2022100000,令和4年度,（別掲）旧税,-,733,－
,2022100000,令和4年度,（別掲）電源開発促進税,-,－,－
,2022100000,令和4年度,（別掲）石油ガス税,-,951440,951361
,2022100000,令和4年度,（別掲）自動車重量税,-,3795,3795
,2022100000,令和4年度,（別掲）航空機燃料税,-,34821,34705
,2022100000,令和4年度,（別掲）印紙収入,-,X,X
,2023100000,令和5年度,総額,-,704713834,692799373
,2023100000,令和5年度,所得税,総額,256971988,254169288
,2023100000,令和5年度,所得税,源泉所得税,58190,15785
,2023100000,令和5年度,所得税,源泉所得税及復興特別所得税,180446656,179924337
,2023100000,令和5年度,所得税,申告所得税,280479,36778
,2023100000,令和5年度,所得税,申告所得税及復興特別所得税,76186663,74192388
,2023100000,令和5年度,法人税,-,118605277,117115183
,2023100000,令和5年度,復興特別法人税,-,X,X
,2023100000,令和5年度,地方法人税,-,12756193,12606504
,2023100000,令和5年度,相続税,-,64357012,61741830
,2023100000,令和5年度,消費税,-,1676,0
,2023100000,令和5年度,消費税及び地方消費税,-,246309176,241457783
,2023100000,令和5年度,酒税,-,2399076,2398979
,2023100000,令和5年度,たばこ税及びたばこ特別税,-,0,0
,2023100000,令和5年度,揮発油税及び地方道路税,-,0,0
,2023100000,令和5年度,揮発油税及地方揮発油税,-,X,X
,2023100000,令和5年度,その他,-,X,X
,2023100000,令和5年度,（別掲）地価税,-,37,－
,2023100000,令和5年度,（別掲）たばこ税,-,43,43
,2023100000,令和5年度,（別掲）石油石炭税,-,2358287,2358287
,2023100000,令和5年度,（別掲）旧税,-,733,－
,2023100000,令和5年度,（別掲）電源開発促進税,-,－,－
,2023100000,令和5年度,（別掲）石油ガス税,-,905267,903635
,2023100000,令和5年度,（別掲）自動車重量税,-,6092,6092
,2023100000,令和5年度,（別掲）航空機燃料税,-,42977,41749
,2023100000,令和5年度,（別掲）印紙収入,-,X,X
