データセット_ID,全国地方公共団体コード,地方公共団体名,データセット_タイトル,データセット_サブタイトル,データセット_概要,データセット_キーワード,データセット_分類,データセット_ユニバーサルメニュー,データセット_公開日,データセット_最終更新日,データセット_バージョン,データセット_言語,データセット_URL,データセット_更新頻度,データセット_準拠する標準,データセット_関連ドキュメント,データセット_来歴情報,データセット_対象地域,データセット_対象期間,データセット_連絡先名称,データセット_連絡先メールアドレス,データセット_連絡先電話番号,データセット_連絡先内線番号,データセット_連絡先FormURL,データセット_連絡先備考（その他、SNSなど）,データセット_備考,ファイル_タイトル,ファイル_アクセスURL,ファイル_ダウンロードURL,ファイル_説明,ファイル形式,ファイル_ライセンス,ファイル_ステータス,ファイル_サイズ,ファイル_公開日,ファイル_最終更新日,ファイル_利用規約,ファイル_関連ドキュメント,ファイル_言語,ファイル_準拠する標準,ファイル_API対応有無
1202,111007,さいたま市,【さいたま市】「わたしの提案」提出数,,市長への提案制度「わたしの提案」における毎月の受付件数と提案者の年代別、提出手段別、職業別、対応種類別の内訳です。,"行政活動情報,広聴",行財政,,2024-03-29,2026-06-24,,,/datasets/1202,"定期 (1[月])",,https://www.city.saitama.lg.jp/006/003/003/011/002/p098984.html,,,,,,,,,,,,,,,csv,,,,,,,,,,
1206,111007,さいたま市,【さいたま市】AED設置状況,,地域医療課で設置しているＡＥＤの設置状況についてまとめたものです。,"住民向け情報,健康,医療",司法・安全・環境,,2024-03-29,2025-10-16,,,/datasets/1206,不定期,,https://www.city.saitama.lg.jp/002/001/017/005/p084060.html,,,,,,,,,,,,,,,"csv,pdf",,,,,,,,,,
1220,111007,さいたま市,【さいたま市】いきいき活動リスト,,「いきいき活動リスト」は、市内の各地域で行われている住民相互の支え合いの活動や、茶話会や趣味・特技等を介した交流の場、民間企業やＮＰＯ法人が提供する生活支援サービスなどの社会資源を、5つの大項目、28つの小項目の活動内容に分類し、日常生活圏域ごとにまとめたものです。,"住民向け情報,高齢者支援",社会保障・衛生,,2024-03-29,2026-04-03,,,/datasets/1220,"定期 (1[年])",,https://www.city.saitama.lg.jp/007/007/001/001/p059861.html,,,,,,,,,,,,,,,csv,,,,,,,,,,
1151,111007,さいたま市,【さいたま市】オープンデータ一覧,,オープンデータ一覧です。,,その他,,,2026-10-01,,,/datasets/1151,リアルタイム,,,,,,,,,,,,,,,,,csv,,,,,,,,,,
1225,111007,さいたま市,【さいたま市】コミュニティバス・乗合タクシーのバス情報(GTFS-JP),,さいたま市コミュニティバス6路線及び乗合タクシー8路線のバス情報(GTFS-JP)です。,"住民向け情報,交通",運輸・観光,,2024-03-29,2026-06-10,,,/datasets/1225,不定期,,,,,,,,,,,,,,,,,zip,,,,,,,,,,
1196,111007,さいたま市,【さいたま市】さいたま市の文化財,,さいたま市で所有している文化財の一覧等です。,"住民向け情報,文化,芸術",教育・文化・スポーツ・生活,,2024-03-29,2025-10-16,,,/datasets/1196,不定期,,https://www.city.saitama.lg.jp/004/005/006/003/p001267.html,,,,,,,,,,,,,,,"csv,pdf",,,,,,,,,,
1200,111007,さいたま市,【さいたま市】さいたま市健康づくり協力店一覧,,健康づくり協力店の店舗情報（区名、店舗名、指定区分、住所、内容、店舗詳細、経度、緯度）を一覧にしたものです。,"住民向け情報,健康,医療",教育・文化・スポーツ・生活,,2024-03-29,2025-10-16,,,/datasets/1200,不定期,,https://www.city.saitama.lg.jp/008/016/001/014/p008382.html,,,,,,,,,,,,,,,"csv,jpeg",,,,,,,,,,
1205,111007,さいたま市,【さいたま市】さいたま市市税の使いみちモデルケース別データ,,市民の皆様がどれだけの税金を負担し、それがどのような使いみちにいくら使われているかを分かりやすく知っていただくために、「さいたま市市税の使いみち」を公開しています。,"住民向け情報,税",行財政,,2024-03-29,2025-10-16,,,/datasets/1205,"定期 (1[年])",,https://www.city.saitama.lg.jp/001/153/004/002/001/001/p097793.html,,,,,,,,,,,,,,,csv,,,,,,,,,,
2318,111007,さいたま市,【さいたま市】さいたま市統計書,,"さいたま市統計書は、本市の自然、人口、経済、社会、教育などの各分野における統計資料を総合的に収録し、市勢の現状と推移を明らかにしようとするものです。本書は、原則として前年及び前年度の事実を最終収録としています。

・表中の年次は暦年（1月1日から12月31日まで ）、年度は会計年度（4月1日から翌年3月31日まで）のことです。
・数字の単位未満の端数については四捨五入を原則とします。したがって、内訳の計が合計の数字と一致しない場合があります。
・各表の数字は、特に表示のない限り、それぞれの調査時における「さいたま市」の区域についてのもので、合併等による組み替えは行っていません。なお、これによらない例外的な扱いをしたものについては、注釈に記載しました。
・結果表のうち町丁字別の集計表については、本市独自集計のため、国の公表数値と相違する場合があります。
・統計表の符号の用法は、 次のとおりです。
「０」単位未満
「…」不詳又は資料なし
「△」負数又は減少
「－」皆無又は該当数字なし
「Ｘ」公表を控えるもの",統計,その他,,2025-06-03,2026-04-10,,,/datasets/2318,"定期 (1[年])",,https://www.city.saitama.lg.jp/006/013/001/005/index.html,,,,,,,,,,,,,,,zip,,,,,,,,,,
1221,111007,さいたま市,【さいたま市】シニアサポートセンター一覧,,シニアサポートセンターの役割を説明し、市内のシニアサポートセンター一覧を担当の圏域ごとにまとめ、所在地を地図上で視認可させたものです。,"住民向け情報,高齢者支援",社会保障・衛生,,2024-03-29,2026-04-08,,,/datasets/1221,不定期,,https://www.city.saitama.lg.jp/002/003/003/001/001/p003506.html,,,,,,,,,,,,,,,csv,,,,,,,,,,
3076,111007,さいたま市,【さいたま市】スマート水道メーター検針データ一覧,,美園地区の一部で実施しているスマート水道メーター実証実験にて取得した1時間毎の検針データの集計を一覧にまとめたものです。,,エネルギー・水,,2026-03-02,2026-03-02,,,/datasets/3076,,,https://www.city.saitama.lg.jp/001/006/002/034/007/p128349.html,,,,,,,,,,,,,,,csv,,,,,,,,,,
1210,111007,さいたま市,【さいたま市】下水道普及率,,さいたま市の下水道普及率です。,"行政活動情報,行政情報,下水道",司法・安全・環境,,2024-03-29,2025-10-16,,,/datasets/1210,"定期 (1[年])",,https://www.city.saitama.lg.jp/001/006/003/002/007/p003157.html,,,,,,,,,,,,,,,csv,,,,,,,,,,
1203,111007,さいたま市,【さいたま市】不在者投票指定施設一覧,,さいたま市内の不在者投票指定施設の一覧です。,"住民向け情報,暮らし,選挙",行財政,,2024-03-29,2026-07-07,,,/datasets/1203,不定期,,https://www.city.saitama.lg.jp/006/009/002/p018369.html,,,,,,,,,,,,,,,csv,,,,,,,,,,
1224,111007,さいたま市,【さいたま市】人流データ（都心・副都心）,,"都心（大宮駅・さいたま新都心周辺地区、浦和駅周辺地区）、副都心（日進・宮原地区、武蔵浦和地区、美園地区、岩槻駅周辺地区）に30分以上滞在した人口を集計したものです。

「データ提供：KDDI・技研商事インターナショナル「KDDI Location Analyzer」
※auスマートフォンユーザーのうち個別同意を得たユーザーを対象に、個人を特定できない処理を行って集計しております。","行政活動情報,行政情報",人口・世帯,,2024-03-29,2026-08-24,,,/datasets/1224,"定期 (3[月])",,https://www.city.saitama.lg.jp/006/013/010/p114497.html,,,,,,,,,,,,,,,csv,,,,,,,,,,
1191,111007,さいたま市,【さいたま市】公共施設の位置情報（緯度経度）一覧,,「公共施設マネジメント白書」に掲載されている施設のうち、緯度経度に変換できないもの（道路、河川等）を除いた一覧です。,"行政活動情報,行政情報",行財政,,2024-03-29,2025-12-10,,,/datasets/1191,"定期 (1[年])",,,,,,,,,,,,,,,,,csv,,,,,,,,,,
1194,111007,さいたま市,"【さいたま市】公衆無線LANサービス『Saitama City Free Wi-Fi』導入施設一覧",,"free Wi-Fiが導入されている公共施設等をまとめたものです。","住民向け情報,暮らし",情報通信・科学技術,,2024-03-29,2025-12-12,,,/datasets/1194,不定期,,https://www.city.saitama.lg.jp/006/007/017/001/p061027.html,,,,,,,,,,,,,,,csv,,,,,,,,,,
1211,111007,さいたま市,【さいたま市】公開型緑地一覧,,各緑地の名称・所在地等をまとめたものです。,"住民向け情報,暮らし",司法・安全・環境,,2024-03-29,2025-10-16,,,/datasets/1211,"定期 (1[年])",,https://www.city.saitama.lg.jp/001/010/019/003/p120388.html,,,,,,,,,,,,,,,csv,,,,,,,,,,
1230,111007,さいたま市,【さいたま市】医療機関一覧,,過去３ヶ月分の月末時点のさいたま市内で届出が提出されている医療機関一覧です。,"事業者向け情報,届出 許認可 規制",社会保障・衛生,,2024-03-29,2026-10-01,,,/datasets/1230,"定期 (1[月])",,https://www.city.saitama.lg.jp/008/016/001/022/003/p097366.html,,,,,,,,,,,,,,,csv,,,,,,,,,,
1247,111007,さいたま市,【さいたま市】土地区画整理事業一覧表,,さいたま市内の土地区画整理事業一覧です。,"住民向け情報,都市計画",住宅・土地・建設,,2024-03-29,2025-10-16,,,/datasets/1247,不定期,,https://www.city.saitama.lg.jp/001/010/017/001/p093056.html,,,,,,,,,,,,,,,csv,,,,,,,,,,
2412,111007,さいたま市,【さいたま市】地域・年齢別人口,,住民基本台帳に基づく（さいたま市）の地域・年齢別人口一覧です。,"人口,統計 調査 報告 観測データ",人口・世帯,,2025-07-11,2025-10-16,,,/datasets/2412,"定期 (１[月])",,https://www.city.saitama.lg.jp/006/013/005/001/p118333.html,,,,,,,,,,,,,,,csv,,,,,,,,,,
1229,111007,さいたま市,【さいたま市】小型家電リサイクル回収ボックス設置場所一覧,,さいたま市内の小型家電回収ボックス及び電池回収箱の設置場所を一覧にしたものです．,"住民向け情報,ごみ,環境",司法・安全・環境,,2024-03-29,2025-10-16,,,/datasets/1229,不定期,,https://www.city.saitama.lg.jp/001/006/010/007/p030904.html,,,,,,,,,,,,,,,csv,,,,,,,,,,
1192,111007,さいたま市,【さいたま市】市営住宅等一覧,,令和7年4月1日時点の市営住宅等をまとめたものです。（ただし、建替え予定及び建替え中の住宅を除きます。）,"住民向け情報,暮らし,市営住宅",住宅・土地・建設,,2024-03-29,2025-10-16,,,/datasets/1192,"定期 (1[年])",,https://www.city.saitama.lg.jp/001/154/007/018/001/p019833.html,,,,,,,,,,,,,,,csv,,,,,,,,,,
1201,111007,さいたま市,【さいたま市】市所管の公園等一覧（オープンデータ）,,市所管の公園等（都市公園、子供広場及び民間児童遊園）の公園名や所在地等をまとめたものです。,"住民向け情報,暮らし,公園",教育・文化・スポーツ・生活,,2024-03-29,2025-10-16,,,/datasets/1201,"定期 (1[年])",,https://www.city.saitama.lg.jp/004/006/003/003/p095465.html,,,,,,,,,,,,,,,csv,,,,,,,,,,
1227,111007,さいたま市,【さいたま市】市立学校一覧,,さいたま市立学校一覧,"住民向け情報,学校教育",教育・文化・スポーツ・生活,,2024-03-29,2025-10-16,,,/datasets/1227,不定期,,https://www.city.saitama.lg.jp/003/002/008/007/p032939.html,,,,,,,,,,,,,,,csv,,,,,,,,,,
1231,111007,さいたま市,【さいたま市】市街地再開発事業一覧,,さいたま市内の市街地市再開発事業一覧です。,"住民向け情報,都市計画",住宅・土地・建設,,2024-03-29,2025-10-16,,,/datasets/1231,不定期,,https://www.city.saitama.lg.jp/001/010/012/p009748.html,,,,,,,,,,,,,,,csv,,,,,,,,,,
1213,111007,さいたま市,【さいたま市】年度別水質検査結果,,さいたま市が実施した月ごとの水道水の水質検査結果です。検査は市内の各浄・配水場の系統ごとに、浄水（浄・配水場出口の水）と給水（送り先の給水栓水）について実施しています。なお、浄水の結果は採水場所が各浄・配水場名になっており、給水の結果は採水場所が「給水（〇〇系統）（〇〇は各浄・配水場名）」と記載されています。,"住民向け情報,水道",司法・安全・環境,,2024-03-29,2026-05-29,,,/datasets/1213,"定期 (1[月])",,https://www.city.saitama.lg.jp/001/006/002/051/002/p047590.html,,,,,,,,,,,,,,,csv,,,,,,,,,,
1207,111007,さいたま市,【さいたま市】応急給水場所一覧,,市内111か所の応急給水場所の所在地をまとめたものです。,"住民向け情報,防災,災害,水道",司法・安全・環境,,2024-03-29,2025-10-16,,,/datasets/1207,不定期,,https://www.city.saitama.lg.jp/001/006/002/049/001/p062264.html,,,,,,,,,,,,,,,"csv,pdf",,,,,,,,,,
3449,111007,さいたま市,【さいたま市】投票所一覧,,さいたま市の投票所一覧です。,,その他,,2026-07-15,2026-07-16,,,/datasets/3449,不定期,,,,,,,,,,,,,,,,,csv,,,,,,,,,,
1204,111007,さいたま市,【さいたま市】指定管理者制度導入施設一覧,,指定管理者制度導入施設一覧（令和8年4月1日現在）,"行政活動情報,行政情報",行財政,,2024-03-29,2026-05-07,,,/datasets/1204,"定期 (1[年])",,https://www.city.saitama.lg.jp/006/007/014/019/018/006/001/p036341.html,,,,,,,,,,,,,,,csv,,,,,,,,,,
1209,111007,さいたま市,【さいたま市】指定避難所・指定緊急避難場所一覧,,避難所、緊急避難場所として指定している公共施設の一覧をまとめたものです。,"住民向け情報,防災,災害",司法・安全・環境,,2024-03-29,2026-04-01,,,/datasets/1209,不定期,,,,,,,,,,,,,,,,,csv,,,,,,,,,,
1218,111007,さいたま市,【さいたま市】放課後児童クラブ地図情報一覧,,さいたま市の公設放課後児童クラブとさいたま市が委託する民設放課後児童クラブの所在地をまとめたものです。,"住民向け情報,子育て",社会保障・衛生,,2024-03-29,2025-10-17,,,/datasets/1218,"定期 (1[年])",,https://www.city.saitama.lg.jp/003/002/005/p008426.html,,,,,,,,,,,,,,,csv,,,,,,,,,,
2615,111007,さいたま市,【さいたま市】放課後子ども居場所事業地図情報一覧,,さいたま市放課後子ども居場所事業実施校の所在地をまとめたものです。,,教育・文化・スポーツ・生活,,2025-10-17,2025-10-17,,,/datasets/2615,,,https://www.city.saitama.lg.jp/003/001/013/p099752.html,,,,,,,,,,,,,,,csv,,,,,,,,,,
1525,111007,さいたま市,【さいたま市】施術所一覧,,過去３ヶ月分の月末時点のさいたま市内で届出が提出されている施術所一覧です。,"事業者向け情報,届出 許認可 規制",社会保障・衛生,,2024-08-20,2026-10-01,,,/datasets/1525,"定期 (1[月])",,https://www.city.saitama.lg.jp/008/016/001/022/003/p114575.html,,,,,,,,,,,,,,,csv,,,,,,,,,,
1193,111007,さいたま市,【さいたま市】未利用市有地一覧,,利用されていない市有地（面積100平方メートル未満の土地を除く。）の一覧をまとめたものです。,"行政活動情報,行政情報",住宅・土地・建設,,2024-03-29,2025-10-16,,,/datasets/1193,不定期,,https://www.city.saitama.lg.jp/005/003/021/006/p096018.html,,,,,,,,,,,,,,,csv,,,,,,,,,,
1219,111007,さいたま市,【さいたま市】浄化槽保守点検業者・清掃業許可業者リスト,,浄化槽保守点検業者・清掃業許可業者のリストです。,"住民向け情報,ごみ,環境",社会保障・衛生,,2024-03-29,2025-10-16,,,/datasets/1219,不定期,,https://www.city.saitama.lg.jp/001/009/013/p002384.html,,,,,,,,,,,,,,,"csv,pdf",,,,,,,,,,
1208,111007,さいたま市,【さいたま市】消防水利一覧（公設消火栓・公設防火水そう）,,さいたま市内に設置されている公設消火栓及び公設防火水槽の座標データです。（日本測地系／度単位10進数形式）,"住民向け情報,消防",司法・安全・環境,,2024-03-29,2025-10-16,,,/datasets/1208,"定期 (1[年])",,https://www.city.saitama.lg.jp/006/013/014/002/008/p068699.html,,,,,,,,,,,,,,,csv,,,,,,,,,,
1217,111007,さいたま市,【さいたま市】無料低額診療施設一覧,,無料低額診療事業とは、生計困難者が経済的な理由によって必要な医療を受ける機会を制限されることのないよう、無料又は低額な料金で診療を行う事業（社会福祉法第2条第3項第9号の規定に基づく第二種社会福祉事業）です。,"住民向け情報,福祉",社会保障・衛生,,2024-03-29,2025-10-16,,,/datasets/1217,不定期,,https://www.city.saitama.lg.jp/002/003/002/p039367.html,,,,,,,,,,,,,,,"csv,xls",,,,,,,,,,
3314,111007,さいたま市,【さいたま市】町丁字別年齢別人口・世帯数,,住民基本台帳による令和8年1月1日時点の町丁字別年齢別人口・世帯数をまとめたものです。,,人口・世帯,,2026-04-21,2026-04-21,,,/datasets/3314,"定期 (1[年])",,https://www.city.saitama.lg.jp/006/013/005/001/p126576.html,,,,data-tokei-s@city.saitama.lg.jp,,,,,,,,,,,csv,,,,,,,,,,
978,111007,さいたま市,【さいたま市】町名別人口表（時系列結果）,,"住民基本台帳による各月1日時点の町名別人口・世帯数を時系列でまとめたものです。（ただし、合併前の旧市分を除きます。）
市全体又は区別の時系列表としても利用可能です。","行政活動情報,行政情報,人口",人口・世帯,,2024-03-01,2025-10-16,,,/datasets/978,"定期 (1[月])",,https://www.city.saitama.lg.jp/006/013/005/001/jikeiretsu.html,,,,,,,,,,,,,,,csv,,,,,,,,,,
2466,111007,さいたま市,【さいたま市】移動販売実施場所MAP,,さいたま市移動販売による地域づくりモデル事業の販売場所を可視化したものです。,,社会保障・衛生,,2025-08-12,2026-04-06,,,/datasets/2466,,,https://www.city.saitama.lg.jp/002/003/008/p119798.html,,,,,,,,,,,,,,,csv,,,,,,,,,,
1199,111007,さいたま市,【さいたま市】自治会名一覧,,さいたま市内の自治会名一覧です。,"住民向け情報,市民活動",教育・文化・スポーツ・生活,,2024-03-29,2025-10-16,,,/datasets/1199,"定期 (1[年])",,https://www.city.saitama.lg.jp/001/013/007/p022174.html,,,,,,,,,,,,,,,"csv,pdf",,,,,,,,,,
1214,111007,さいたま市,【さいたま市】認可保育所（認可保育園）一覧,,施設種別毎に市内保育施設を一覧にまとめたものです。,"住民向け情報,保育",社会保障・衛生,,2024-03-29,2025-10-16,,,/datasets/1214,"定期 (1[年])",,https://www.city.saitama.lg.jp/003/001/015/001/p003019.html,,,,,,,,,,,,,,,csv,,,,,,,,,,
1215,111007,さいたま市,【さいたま市】認可外保育施設一覧,,市内認可外保育施設を一覧にまとめたものです。,"住民向け情報,保育",社会保障・衛生,,2024-03-29,2026-04-21,,,/datasets/1215,"定期 (1[月])",,https://www.city.saitama.lg.jp/003/001/015/001/p010262.html,,,,,,,,,,,,,,,csv,,,,,,,,,,
979,111007,さいたま市,【さいたま市】都市計画基礎調査（基準年令和２年）,,埼玉県さいたま市の都市計画基礎調査（基準年令和２年）のオープンデータです。,"住民向け情報,都市計画",住宅・土地・建設,,2024-03-29,2025-10-16,,,/datasets/979,更新しない,,https://www.city.saitama.lg.jp/001/010/014/002/p097965.html,,,,,,,,,,,,,,,,,,,,,,,,,
1195,111007,さいたま市,【さいたま市】電子申請利用状況,,"「さいたま市 電子申請・届出サービス」の月別利用件数をまとめたものです。","行政活動情報,行政情報",情報通信・科学技術,,2024-03-29,2025-10-16,,,/datasets/1195,"定期 (1[月])",,https://www.city.saitama.lg.jp/006/007/013/007/p086709.html,,,,,,,,,,,,,,,csv,,,,,,,,,,
