,時間軸コード,年次,市区名,死者_総数_（人）,死者_車両_総数_（人）,死者_車両_乗用自動車_大型(バス)_（人）,死者_車両_乗用自動車_中型(マイクロバス)_（人）,死者_車両_乗用自動車_準中型_（人）,死者_車両_乗用自動車_普通_（人）,死者_車両_乗用自動車_軽_（人）,死者_車両_乗用自動車_ミニカー_（人）,死者_車両_貨物自動車_大型_（人）,死者_車両_貨物自動車_中型_（人）,死者_車両_貨物自動車_準中型_（人）,死者_車両_貨物自動車_普通_（人）,死者_車両_貨物自動車_軽_（人）,死者_車両_二輪車_小型二輪_（人）,死者_車両_二輪車_軽二輪_（人）,死者_車両_二輪車_二種原付_（人）,死者_車両_二輪車_一種原付_（人）,死者_車両_特殊車_（人）,死者_車両_路面電車_（人）,死者_車両_列車_（人）,死者_車両_軽車両_自転車_（人）,死者_車両_軽車両_その他_（人）,死者_（再掲）無免許_（人）,死者_歩行者_（人）,死者_不明・その他_（人）,負傷者_総数_（人）,負傷者_車両_総数_（人）,負傷者_車両_乗用自動車_大型(バス)_（人）,負傷者_車両_乗用自動車_中型(マイクロバス)_（人）,負傷者_車両_乗用自動車_準中型_（人）,負傷者_車両_乗用自動車_普通_（人）,負傷者_車両_乗用自動車_軽_（人）,負傷者_車両_乗用自動車_ミニカー_（人）,負傷者_車両_貨物自動車_大型_（人）,負傷者_車両_貨物自動車_中型_（人）,負傷者_車両_貨物自動車_準中型_（人）,負傷者_車両_貨物自動車_普通_（人）,負傷者_車両_貨物自動車_軽_（人）,負傷者_車両_二輪車_小型二輪_（人）,負傷者_車両_二輪車_軽二輪_（人）,負傷者_車両_二輪車_二種原付_（人）,負傷者_車両_二輪車_一種原付_（人）,負傷者_車両_特殊車_（人）,負傷者_車両_路面電車_（人）,負傷者_車両_列車_（人）,負傷者_車両_軽車両_自転車_（人）,負傷者_車両_軽車両_その他_（人）,負傷者_（再掲）無免許_（人）,負傷者_歩行者_（人）,負傷者_不明・その他_（人）
,2019000000,令和元年,さいたま市,20,19,0,0,0,2,1,0,2,1,1,1,1,1,1,1,1,0,0,0,6,0,0,1,0,3886,3697,4,6,2,1993,695,0,64,60,131,218,263,13,15,30,48,3,0,0,152,0,12,12,177
,2020000000,令和2年,さいたま市,14,13,0,0,0,4,1,0,1,1,1,0,1,0,0,0,2,0,0,0,2,0,0,1,0,3304,3153,7,2,0,1636,606,1,55,75,131,185,247,10,6,24,66,0,0,0,102,0,15,12,139
,2021000000,令和3年,さいたま市,10,9,0,0,0,2,3,0,1,0,1,0,1,0,0,0,0,0,0,0,1,0,0,1,0,3481,3311,12,3,3,1719,698,4,60,57,108,155,266,14,14,12,64,2,0,0,120,0,7,7,163
,2022000000,令和4年,さいたま市,10,10,0,0,0,3,0,0,1,0,0,1,1,0,1,1,1,0,0,0,1,0,0,0,0,3345,3184,12,4,3,1637,670,1,52,49,130,146,263,7,13,23,75,0,0,0,99,0,6,3,158
,2023000000,令和5年,さいたま市,8,8,0,0,0,0,1,0,1,0,1,3,1,0,0,0,1,0,0,0,0,0,0,0,0,3541,3388,12,1,2,1734,745,2,55,66,91,185,248,6,11,26,62,2,0,0,140,0,9,4,149
,2023000000,令和5年,西区,0,0,0,0,0,0,0,0,0,0,0,0,0,0,0,0,0,0,0,0,0,0,0,0,0,248,235,0,0,0,106,67,0,8,6,3,14,20,1,0,2,5,0,0,0,3,0,2,1,12
,2023000000,令和5年,北区,0,0,0,0,0,0,0,0,0,0,0,0,0,0,0,0,0,0,0,0,0,0,0,0,0,374,366,0,1,0,198,74,1,2,13,11,13,22,1,2,2,5,1,0,0,20,0,0,0,8
,2023000000,令和5年,大宮区,0,0,0,0,0,0,0,0,0,0,0,0,0,0,0,0,0,0,0,0,0,0,0,0,0,408,385,8,0,0,200,88,1,0,2,6,24,24,0,1,1,8,0,0,0,22,0,1,0,23
,2023000000,令和5年,見沼区,0,0,0,0,0,0,0,0,0,0,0,0,0,0,0,0,0,0,0,0,0,0,0,0,0,534,503,0,0,1,238,131,0,12,5,11,23,51,2,1,3,7,0,0,0,18,0,0,1,30
,2023000000,令和5年,中央区,1,1,0,0,0,0,0,0,0,0,1,0,0,0,0,0,0,0,0,0,0,0,0,0,0,275,260,1,0,1,148,53,0,6,6,4,13,14,0,1,2,4,0,0,0,7,0,1,0,15
,2023000000,令和5年,桜区,2,2,0,0,0,0,0,0,1,0,0,1,0,0,0,0,0,0,0,0,0,0,0,0,0,249,234,0,0,0,109,54,0,3,8,9,17,22,0,0,1,4,0,0,0,7,0,0,1,14
,2023000000,令和5年,浦和区,1,1,0,0,0,0,0,0,0,0,0,1,0,0,0,0,0,0,0,0,0,0,0,0,0,304,296,2,0,0,158,44,0,0,3,11,19,26,0,0,4,5,1,0,0,23,0,1,0,8
,2023000000,令和5年,南区,1,1,0,0,0,0,0,0,0,0,0,1,0,0,0,0,0,0,0,0,0,0,0,0,0,431,417,1,0,0,235,62,0,3,2,14,22,30,1,5,6,18,0,0,0,18,0,2,1,13
,2023000000,令和5年,緑区,2,2,0,0,0,0,1,0,0,0,0,0,0,0,0,0,1,0,0,0,0,0,0,0,0,349,335,0,0,0,155,75,0,13,10,16,27,20,1,0,2,5,0,0,0,11,0,2,0,14
,2023000000,令和5年,岩槻区,1,1,0,0,0,0,0,0,0,0,0,0,1,0,0,0,0,0,0,0,0,0,0,0,0,369,357,0,0,0,187,97,0,8,11,6,13,19,0,1,3,1,0,0,0,11,0,0,0,12
