,時間軸コード,年次,署名別,職員数_（人）,消防車両数_総数_（台）,消防車両数_消防ポンプ自動車_（台）,消防車両数_水槽付消防ポンプ自動車_（台）,消防車両数_はしご付消防自動車_（台）,消防車両数_化学消防自動車_（台）,消防車両数_ポンプ付救助工作車_（台）,消防車両数_救助工作車_（台）,消防車両数_救急自動車_（台）,消防車両数_その他_（台）
,2020000000,令和2年,総数,1341,203,15,37,10,4,0,12,41,84
,2021000000,令和3年,総数,1342,204,15,37,10,4,0,12,41,85
,2022000000,令和4年,総数,1344,206,16,37,10,4,0,12,41,86
,2023000000,令和5年,総数,1343,206,16,37,10,4,0,12,41,86
,2024000000,令和6年,総数,1358,210,17,37,10,4,0,12,42,88
,2024000000,令和6年,消防局,171,33,0,0,0,0,0,0,1,32
,2024000000,令和6年,西消防署,93,15,1,4,1,0,0,1,3,5
,2024000000,令和6年,北消防署,102,16,1,3,1,1,0,1,4,5
,2024000000,令和6年,大宮消防署,155,22,3,4,1,0,0,2,6,6
,2024000000,令和6年,見沼消防署,150,24,3,5,1,0,0,2,5,8
,2024000000,令和6年,中央消防署,82,14,2,1,1,0,0,1,3,6
,2024000000,令和6年,桜消防署,119,18,1,4,1,1,0,1,4,6
,2024000000,令和6年,浦和消防署,144,19,2,4,1,1,0,1,5,5
,2024000000,令和6年,南消防署,94,14,1,3,1,0,0,1,3,5
,2024000000,令和6年,緑消防署,106,15,2,3,1,0,0,1,3,5
,2024000000,令和6年,岩槻消防署,142,20,1,6,1,1,0,1,5,5
