シート,表題
17-1,17-1 生活保護世帯及び人員
17-2,17-2 生活保護費
17-3,17-3 老人福祉センター，老人憩いの家等延利用者数
17-4,17-4 養護老人ホーム，グリーンヒルうらわ，デイサービスセンター利用状況
17-5,17-5 身体障害者手帳所持者数
17-6,17-6 療育手帳及び精神障害者保健福祉手帳所持者数
17-7,17-7 障害者福祉手当等支給状況
17-8,17-8 障害福祉施設通所者数
17-9,17-9 児童手当及び子ども手当支給状況
17-10,17-10 児童扶養手当支給状況
17-11,17-11 児童福祉施設利用状況
17-12,17-12 児童相談所運営状況
17-13,17-13 国民健康保険事業状況
17-14,17-14 国民年金事業状況
17-15,17-15 厚生年金保険状況
17-16,17-16 後期高齢者医療給付状況
17-17,17-17 医療費支給状況
17-18,17-18 要介護（要支援）認定者数
17-19,17-19 介護保険被保険者数及び保険料収納状況
17-20,17-20 介護保険給付決定状況
17-21,17-21 社会福祉施設数
17-22,17-22 市民相談件数
17-23,17-23 消費生活相談件数
