,時間軸コード,年月,集計世帯数_（世帯）,世帯人員_（人）,有業人員_（人）,世帯主の年齢_（歳）,受取_（円）,受取_実収入_（円）,受取_実収入_経常収入_（円）,受取_実収入_経常収入_勤め先収入_（円）,受取_実収入_経常収入_勤め先収入_世帯主収入_（円）,受取_実収入_経常収入_勤め先収入_世帯主収入_定期収入_（円）,受取_実収入_経常収入_勤め先収入_世帯主収入_臨時収入_（円）,受取_実収入_経常収入_勤め先収入_世帯主収入_賞与_（円）,受取_実収入_経常収入_勤め先収入_世帯主の配偶者の収入_（円）,受取_実収入_経常収入_勤め先収入_他の世帯員収入_（円）,受取_実収入_経常収入_事業・内職収入_（円）,受取_実収入_経常収入_事業・内職収入_家賃収入_（円）,受取_実収入_経常収入_事業・内職収入_他の事業収入_（円）,受取_実収入_経常収入_事業・内職収入_内職収入_（円）,受取_実収入_経常収入_他の経常収入_（円）,受取_実収入_経常収入_他の経常収入_財産収入_（円）,受取_実収入_経常収入_他の経常収入_社会保障給付_（円）,受取_実収入_経常収入_他の経常収入_仕送り金_（円）,受取_実収入_特別収入_（円）,受取_実収入_特別収入_受贈金_（円）,受取_実収入_特別収入_他の特別収入_（円）,受取_実収入以外の受取（繰入金を除く）_（円）,受取_実収入以外の受取（繰入金を除く）_預貯金引出_（円）,受取_実収入以外の受取（繰入金を除く）_保険金_（円）,受取_実収入以外の受取（繰入金を除く）_有価証券売却_（円）,受取_実収入以外の受取（繰入金を除く）_土地家屋借入金_（円）,受取_実収入以外の受取（繰入金を除く）_他の借入金_（円）,受取_実収入以外の受取（繰入金を除く）_クレジット購入借入金_（円）,受取_実収入以外の受取（繰入金を除く）_財産売却_（円）,受取_実収入以外の受取（繰入金を除く）_実収入以外の受取のその他_（円）,受取_繰入金_（円）,支払_（円）,支払_実支出_（円）,支払_実支出_消費支出_（円）,支払_実支出_消費支出_食料_（円）,支払_実支出_消費支出_食料_穀類_（円）,支払_実支出_消費支出_食料_魚介類_（円）,支払_実支出_消費支出_食料_肉類_（円）,支払_実支出_消費支出_食料_乳卵類_（円）,支払_実支出_消費支出_食料_野菜・海藻_（円）,支払_実支出_消費支出_食料_果物_（円）,支払_実支出_消費支出_食料_油脂・調味料_（円）,支払_実支出_消費支出_食料_菓子類_（円）,支払_実支出_消費支出_食料_調理食品_（円）,支払_実支出_消費支出_食料_飲料_（円）,支払_実支出_消費支出_食料_酒類_（円）,支払_実支出_消費支出_食料_外食_（円）,支払_実支出_消費支出_住居_（円）,支払_実支出_消費支出_住居_家賃地代_（円）,支払_実支出_消費支出_住居_設備修繕・維持_（円）,支払_実支出_消費支出_光熱・水道_（円）,支払_実支出_消費支出_光熱・水道_電気代_（円）,支払_実支出_消費支出_光熱・水道_ガス代_（円）,支払_実支出_消費支出_光熱・水道_他の光熱_（円）,支払_実支出_消費支出_光熱・水道_上下水道料_（円）,支払_実支出_消費支出_家具・家事用品_（円）,支払_実支出_消費支出_家具・家事用品_家庭用耐久財_（円）,支払_実支出_消費支出_家具・家事用品_室内装備・装飾品_（円）,支払_実支出_消費支出_家具・家事用品_寝具類_（円）,支払_実支出_消費支出_家具・家事用品_家事雑貨_（円）,支払_実支出_消費支出_家具・家事用品_家事用消耗品_（円）,支払_実支出_消費支出_家具・家事用品_家事サービス_（円）,支払_実支出_消費支出_被服及び履物_（円）,支払_実支出_消費支出_被服及び履物_和服_（円）,支払_実支出_消費支出_被服及び履物_洋服_（円）,支払_実支出_消費支出_被服及び履物_シャツ・セーター類_（円）,支払_実支出_消費支出_被服及び履物_下着類_（円）,支払_実支出_消費支出_被服及び履物_生地・糸類_（円）,支払_実支出_消費支出_被服及び履物_他の被服_（円）,支払_実支出_消費支出_被服及び履物_履物類_（円）,支払_実支出_消費支出_被服及び履物_被服関連サービス_（円）,支払_実支出_消費支出_保健医療_（円）,支払_実支出_消費支出_保健医療_医薬品_（円）,支払_実支出_消費支出_保健医療_健康保持用接種品_（円）,支払_実支出_消費支出_保健医療_保健医療用品・器具_（円）,支払_実支出_消費支出_保健医療_保健医療サービス_（円）,支払_実支出_消費支出_交通・通信_（円）,支払_実支出_消費支出_交通・通信_交通_（円）,支払_実支出_消費支出_交通・通信_自動車等関係費_（円）,支払_実支出_消費支出_交通・通信_通信_（円）,支払_実支出_消費支出_教育_（円）,支払_実支出_消費支出_教育_授業料等_（円）,支払_実支出_消費支出_教育_教科書・学習参考教材_（円）,支払_実支出_消費支出_教育_補習教育_（円）,支払_実支出_消費支出_教養娯楽_（円）,支払_実支出_消費支出_教養娯楽_教養娯楽用耐久財_（円）,支払_実支出_消費支出_教養娯楽_教養娯楽用品_（円）,支払_実支出_消費支出_教養娯楽_書籍・他の印刷物_（円）,支払_実支出_消費支出_教養娯楽_教養娯楽サービス_（円）,支払_実支出_消費支出_その他の消費支出_（円）,支払_実支出_消費支出_その他の消費支出_諸雑費_（円）,支払_実支出_消費支出_その他の消費支出_こづかい（使途不明）_（円）,支払_実支出_消費支出_その他の消費支出_交際費_（円）,支払_実支出_消費支出_その他の消費支出_仕送り金_（円）,支払_実支出_（再掲）教育関係費_（円）,支払_実支出_（再掲）教養娯楽関係費_（円）,支払_実支出_（再掲）移転支出(贈与金+仕送り金)_（円）,支払_実支出_（再掲）経常消費支出_（円）,支払_実支出_（再掲）情報通信関係費_（円）,支払_実支出_（再掲）消費支出(除く住居等)_（円）,支払_実支出_非消費支出_（円）,支払_実支出_非消費支出_直接税_（円）,支払_実支出_非消費支出_直接税_勤労所得税_（円）,支払_実支出_非消費支出_直接税_個人住民税_（円）,支払_実支出_非消費支出_直接税_他の税_（円）,支払_実支出_非消費支出_社会保険料_（円）,支払_実支出_非消費支出_他の非消費支出_（円）,支払_実支出以外の支払（繰越金を除く）_（円）,支払_実支出以外の支払（繰越金を除く）_預貯金_（円）,支払_実支出以外の支払（繰越金を除く）_保険料_（円）,支払_実支出以外の支払（繰越金を除く）_有価証券購入_（円）,支払_実支出以外の支払（繰越金を除く）_土地家屋借金返済_（円）,支払_実支出以外の支払（繰越金を除く）_他の借金返済_（円）,支払_実支出以外の支払（繰越金を除く）_クレジット購入借入金返済_（円）,支払_実支出以外の支払（繰越金を除く）_財産購入_（円）,支払_実支出以外の支払（繰越金を除く）_実支出以外の支払のその他_（円）,支払_繰越金_（円）,可処分所得_（円）,黒字_（円）,黒字_金融資産純増_（円）,黒字_金融資産純増_貯蓄純増_（円）,黒字_金融資産純増_貯蓄純増_預貯金純増_（円）,黒字_金融資産純増_貯蓄純増_保険純増_（円）,黒字_金融資産純増_有価証券純購入_（円）,黒字_土地家屋借金純減_（円）,黒字_他の借金純減_（円）,黒字_クレジット購入借入金純減_（円）,黒字_財産純増_（円）,黒字_その他の純増_（円）,黒字_繰越純増_（円）,（再掲）可処分所得に対する割合（平均消費性向）_（％）,黒字率_（％）,黒字率_金融資産純増率_（％）,黒字率_金融資産純増率_貯蓄純増（平均貯蓄率）_（％）,エンゲル係数_（％）
,2020000000,令和2年（平均）,57,3.29,1.81,48.6,1492772,750325,723079,688805,551592,443519,4489,103584,124720,12494,10064,3521,4320,2223,24209,855,22687,667,27247,1260,25987,538427,380959,4488,352,0,366,151873,0,389,204019,1492772,500980,369498,90397,7278,5158,8487,4523,8971,2774,3938,8202,14846,6138,3711,16369,18353,9829,8524,21461,9823,5104,220,6315,13908,3744,821,1377,3307,4074,586,15571,202,6625,3489,1201,157,1126,1757,1014,13571,2296,863,4332,6080,69035,9291,43679,16066,33453,26977,686,5790,35496,6238,8774,3556,16928,58253,29448,9645,13190,5971,39069,38458,9343,237647,20554,316077,131482,59924,26206,25285,8433,71530,27,812535,616525,21576,5067,57466,2318,109022,0,561,179257,618844,249346,257368,252653,235566,17087,4715,57466,1952,-42851,0,172,-24762,59.7,40.3,41.6,40.8,24.5
,2021000000,令和3年（平均）,61,3.32,1.77,49.3,1489159,731505,722282,688571,554747,443947,5381,105419,118719,15106,4912,2620,0,2292,28799,783,27815,201,9223,972,8252,493236,368023,5199,0,0,14,119841,0,159,264418,1489159,479288,340645,91665,7011,5793,9064,4437,9373,2687,4265,8213,14738,6224,4833,15028,16792,6366,10426,22843,10267,5226,121,7229,13760,4397,600,1283,3269,3891,319,16672,2111,7094,2738,1151,70,956,1980,572,16495,2857,796,3694,9147,51875,8473,28064,15339,20498,13871,293,6334,34511,4115,8458,3423,18514,55533,26485,5801,19736,3511,27825,37307,7159,240263,19980,305968,138643,62023,24531,28927,8566,76587,33,770368,591776,19202,4539,57112,1187,96380,0,172,239503,592862,252217,242295,237756,223753,14002,4539,57112,1173,-23461,0,13,-24915,57.5,42.5,40.9,40.1,26.9
,2022000000,令和4年（平均）,60,3.39,1.75,47.6,1627362,804799,795350,769650,625330,480349,10322,134658,124984,19335,2609,1305,556,748,23092,1634,21414,44,9449,1150,8298,517444,366076,2425,0,0,0,148672,0,271,305120,1627362,506037,342788,89034,6682,4839,8513,4137,8824,2410,3910,8441,13668,5964,3595,18052,18442,13916,4526,26826,12105,7206,227,7288,15792,6157,738,888,3323,4149,537,12662,80,5615,2474,965,79,959,1776,712,14159,2878,1084,3541,6656,45244,10765,21197,13281,30589,21800,605,8184,39076,2524,9295,3006,24251,50965,27342,4657,17030,1935,35690,43853,4857,248279,17388,314553,163249,78944,40934,30060,7950,84281,23,823863,618959,29790,4822,52599,1252,114597,1551,294,297462,641550,298762,285069,280248,252883,27365,4822,52599,1252,-34075,1551,23,-7658,53.4,46.6,44.4,43.7,26
,2023000000,令和5年（平均）,56,3.18,1.77,49.4,1610580,733649,725044,699042,576840,461333,6289,109218,117079,5123,5880,1367,3694,820,20122,337,19650,136,8605,810,7795,535963,375465,8368,0,0,2989,148756,0,386,340968,1610580,511126,364964,95517,7075,4882,8186,4677,9263,2986,4072,9004,14505,5976,3535,21356,16451,8893,7558,24611,11204,6558,142,6707,15507,6055,788,1247,3017,3883,518,16101,28,7313,3045,1157,55,1134,2648,720,18525,3029,810,4146,10540,54231,10854,30933,12444,24070,17075,564,6430,37398,2371,8658,3129,23240,62553,33240,8114,17829,3370,30593,42629,5821,252010,16976,326785,146162,66603,33027,26285,7292,79528,31,795114,586329,21510,2718,65100,781,118334,0,341,304341,587487,222523,226725,224007,210864,13143,2718,65100,-2208,-30422,0,-45,-36627,62.1,37.9,38.6,38.1,26.2
,2024000000,令和6年（平均）,54,3.23,1.8,50.2,1581822,764566,753668,714991,605214,465159,5219,134836,102337,7440,4997,1919,1152,1926,33680,1128,32250,302,10898,2685,8212,531548,346120,4764,0,0,1543,178747,0,373,285709,1581822,530457,386467,101790,7601,6006,8642,4338,10304,3280,4448,9129,15687,6269,4104,21984,24218,17722,6496,23325,11543,5134,229,6418,15624,5517,702,1718,3232,4200,255,15485,11,6758,2851,1133,57,1108,2466,1101,19834,3000,612,4166,12056,46331,11689,22896,11746,29966,21476,305,8186,41310,6069,8469,2916,23856,68584,33473,6334,25725,3052,34249,49652,13799,267756,15873,341884,143990,60621,29822,23798,7001,83313,56,792558,608350,19185,18559,43404,401,102470,0,188,258807,620576,234109,295210,276650,262230,14420,18559,43404,-1142,-76277,0,-185,-26901,62.3,37.7,47.6,44.6,26.3
,2024000101,令和6年1月,55,3.27,1.74,48.7,1386566,639567,620476,611887,500265,495228,5036,0,99936,11687,2911,940,0,1971,5678,0,5678,0,19091,2735,16356,542844,398003,11980,0,0,0,132861,0,0,204155,1386566,491613,370770,89932,6851,4778,8267,4808,9422,3112,4245,8813,15303,5328,3433,15573,21860,12793,9067,26499,11552,7249,764,6934,11345,3116,354,167,4196,3380,132,17010,0,5934,2411,1974,47,1556,2606,2481,26255,3458,1576,3850,17370,34117,9577,13689,10851,18578,10320,295,7963,42325,6119,7636,3523,25048,82850,37320,9271,23211,13048,34886,49398,18534,275927,16114,330377,120843,48767,16226,26014,6528,71811,265,741334,517298,22984,6835,55067,0,138947,0,202,153619,518724,147954,137135,130300,119295,11004,6835,55067,0,6085,0,202,-50536,71.5,28.5,26.4,25.1,24.3
,2024000202,令和6年2月,57,3.3,1.83,47.9,1548750,650908,644378,584227,481425,457766,7691,15967,95608,7195,1598,0,914,685,58552,334,58132,86,6530,0,6530,619401,345215,17084,0,0,0,257101,0,0,278441,1548750,563347,449232,90017,6812,5037,8686,4676,8706,2902,4299,10034,14057,5345,3146,16319,19260,12063,7197,30340,13872,7269,553,8645,9515,1962,279,748,2728,3624,174,14830,0,8608,2378,1066,71,823,1526,359,14513,3174,355,3762,7221,132159,10635,111012,10512,55032,34910,1070,19052,39675,10701,7317,2624,19032,43891,26012,5361,12423,95,57104,44765,4299,244881,16875,346884,114115,46754,18380,21713,6661,67361,0,729208,523107,64515,3596,43679,199,94111,0,0,256196,536793,87561,228919,225323,177892,47431,3596,43679,199,-162991,0,0,-22245,83.7,16.3,42.6,42,20
,2024000303,令和6年3月,55,3.34,1.86,48.7,1513504,672298,658611,643269,523649,442906,2013,78729,112574,7046,2751,0,577,2174,12591,2182,10363,46,13686,4995,8691,535553,329078,1422,0,0,18510,185537,0,1006,305654,1513504,564949,449967,104679,7449,6403,9127,4615,9750,2552,4772,10693,17260,5837,3714,22508,9667,7498,2169,27241,14119,6947,617,5558,20075,10039,665,2200,3132,3987,53,24043,0,12444,4173,1163,61,1057,4432,713,31439,3510,221,4771,22938,33705,8761,14455,10489,49487,37619,774,11093,55451,21454,7940,2711,23346,94179,36584,6987,50336,272,52164,59852,37858,278878,15253,402441,114982,45407,23135,18870,3402,69575,0,685217,545179,19023,3457,33551,698,83308,0,0,263339,557316,107349,237158,233702,216101,17600,3457,33551,-17812,-102229,0,-1006,-42314,80.7,19.3,42.6,41.9,23.3
,2024000404,令和6年4月,58,3.18,1.75,49.6,1637529,682868,668832,602073,500477,476909,14072,9495,90257,11339,1783,0,1064,720,64976,797,64178,0,14036,2982,11054,567694,399201,5100,0,0,0,163393,0,0,386967,1637529,542912,432038,93560,6265,5819,7814,4641,9571,3452,4316,8906,14869,6529,3115,18265,29790,28347,1443,27256,12975,7481,49,6751,26958,18576,803,1258,2376,3861,84,14087,0,4490,3655,1424,79,998,2109,1331,15615,3144,820,3801,7849,38439,11512,13031,13896,50733,48767,90,1876,33022,3686,6834,2890,19612,102577,35988,2054,61978,2557,53050,37732,54864,261247,17712,347384,110874,45044,19510,22214,3320,65815,15,773806,557969,14591,39426,43409,0,118411,0,0,320811,571994,139956,207685,168259,158769,9491,39426,43409,0,-44982,0,0,-66156,75.5,24.5,36.3,29.4,21.7
,2024000505,令和6年5月,53,3.11,1.69,51.3,1415692,571721,565823,554180,460216,459980,236,0,83767,10197,1474,0,1474,0,10169,1427,8742,0,5897,1280,4618,491279,306968,1667,0,0,0,181771,0,872,352692,1415692,512512,370087,100684,7177,6293,8476,4124,10325,3230,4411,8535,16021,6368,4252,21472,25124,20856,4268,21686,9548,5535,29,6574,9523,391,196,1598,3094,4177,67,17373,34,7424,3937,796,5,947,2840,1389,32477,2825,803,7978,20870,37449,16337,9773,11339,16792,14370,250,2173,45239,3060,10942,3364,27874,63740,36665,3718,20876,2480,19351,62887,6488,271680,16576,338475,142425,79141,16802,20754,41585,63054,230,590557,446279,14792,14115,36673,0,78416,0,281,312623,429296,59209,166551,152436,139311,13125,14115,36673,0,-103355,0,-591,-40069,86.2,13.8,38.8,35.5,27.2
,2024000606,令和6年6月,57,3.14,1.75,50.4,2091430,1297819,1268980,1190378,1019621,460910,6578,552134,166364,4394,3328,0,946,2383,75274,290,74984,0,28839,17545,11294,469040,281557,3110,0,0,0,183798,0,575,324571,2091430,542249,330231,99839,7100,6083,8791,4447,10645,3377,5002,8535,15021,6564,3343,20932,18285,17858,428,21358,9125,4997,1,7235,13963,2553,3706,829,2195,4529,151,13893,0,4809,3176,1071,9,1292,3133,402,16617,2543,670,3514,9890,27389,5516,10487,11386,17117,10696,178,6243,46733,10217,12006,3368,21142,55037,32156,4338,17515,1029,19105,54193,5064,245844,16325,306881,212018,69481,54964,5748,8770,142536,0,1252772,1053149,24391,49544,40555,0,83857,0,1276,296410,1085802,755571,842418,792874,771592,21282,49544,40555,0,-99941,0,701,-28162,30.4,69.6,77.6,73,30.2
,2024000707,令和6年7月,55,3.09,1.74,50.9,1459013,697021,690992,687020,592500,451124,5187,136190,79922,14598,3355,0,1825,1530,617,1,616,0,6029,332,5696,483104,296954,2154,0,0,0,183635,0,362,278888,1459013,487259,362503,97533,7643,5226,8266,3508,10098,3309,3770,7868,15706,6983,3661,21496,56143,23346,32797,18851,8000,3865,2,6984,19759,2483,187,9781,2564,3915,829,12844,13,6753,2012,960,35,1022,1315,734,15691,2643,420,5090,7537,39852,20702,7789,11361,13093,5790,31,7273,34478,3899,6704,2812,21063,54258,29217,5271,15052,4719,16728,47160,6469,250307,13487,299891,124757,40279,12931,24121,3227,84342,135,721405,550343,10563,10706,49045,0,100609,0,138,250348,572264,209761,272504,261798,253389,8409,10706,49045,0,-83025,0,-224,-28540,63.3,36.7,47.6,45.7,26.9
,2024000808,令和6年8月,52,3.02,1.71,51.2,1198682,619390,613582,546454,453046,436399,3059,13588,87778,5630,7264,4582,0,2682,59864,37,59827,0,5808,1028,4780,423842,257082,3720,0,0,0,162395,0,645,155451,1198682,434847,335918,99954,7729,5028,7676,3269,10338,3206,3687,7942,15794,6671,4000,24613,26149,24020,2129,19920,11841,3132,49,4898,13786,6640,436,136,2751,3774,49,10233,0,3687,2364,734,0,548,1977,923,11607,2583,774,1864,6387,42084,9684,22122,10278,5896,783,23,5090,44091,2895,6008,2515,32673,62200,30319,5247,23044,3591,6942,55121,7961,255789,15095,301808,98929,41460,14473,24848,2139,57469,0,637841,496374,9388,4719,41110,486,85764,0,0,125994,520461,184543,249679,244960,239292,5668,4719,41110,486,-76631,0,-645,-29457,64.5,35.5,48,47.1,29.8
,2024000909,令和6年9月,53,3.18,1.84,52.4,1292472,524833,517898,508496,433988,431293,2695,0,69386,5122,8488,5699,0,2789,915,1,914,0,6935,68,6866,471610,325802,0,0,0,0,145719,0,89,296029,1292472,460535,358830,98643,7955,6953,8397,4109,10649,3312,4178,7595,14211,5975,4643,20667,21327,19252,2075,22232,13657,2998,0,5577,14035,4077,338,686,4153,4555,225,11100,0,4023,2091,682,156,1218,2567,362,15235,2799,427,3474,8534,40143,10952,11854,17337,38993,27505,346,11142,32289,3869,5914,2532,19974,64833,28470,5790,24651,5922,42175,45399,11231,251326,17068,326272,101704,40776,13664,24796,2317,60928,0,568891,414135,9865,3124,57189,463,84115,0,0,263047,423129,64298,101322,98198,88333,9865,3124,57189,463,-61604,0,-89,-32983,84.8,15.2,23.9,23.2,27.5
,2024001010,令和6年10月,44,3.37,1.89,50.4,1428169,618481,609335,550874,475063,471005,2647,1411,75811,0,8084,3982,0,4102,50377,3828,43056,3493,9146,0,9146,470352,312801,4278,0,0,0,153273,0,0,339336,1428169,485355,359429,105317,8021,5471,8028,4013,10087,3397,4059,8957,14951,5931,4223,28178,17084,15564,1521,21122,12653,2732,0,5736,14142,4784,470,1572,3022,3956,339,12483,0,3657,1910,530,57,770,2114,3444,18787,3269,253,3548,11716,46775,15090,20915,10770,32152,28323,120,3709,31525,929,7699,2458,20439,60042,33121,9519,17050,353,38561,39958,4169,265961,15703,338176,125926,55011,20988,32850,1173,70889,26,637626,494825,11528,659,47811,118,82686,0,0,305187,492555,133125,189933,189273,182024,7249,659,47811,118,-70587,0,0,-34149,73,27,38.6,38.4,29.3
,2024001111,令和6年11月,54,3.38,1.91,49.8,1387661,625006,623472,600446,503320,498391,4929,0,94263,2863,9769,3351,3220,3198,13257,0,13257,0,1534,74,1460,517226,342546,0,0,0,0,174210,0,470,245429,1387661,482278,356622,111540,7972,5574,8892,4636,10716,3371,4967,9223,15289,6810,6153,27937,19111,14549,4562,21408,11459,4275,166,5508,11688,1037,561,1002,3979,4649,459,18797,0,9449,3379,1522,104,1453,2257,632,21331,2814,278,4053,14186,37785,8326,18327,11132,17211,8786,196,8228,39989,2154,9574,3270,24992,57764,28238,11429,17678,418,20840,45486,3442,285824,15639,334069,125655,54485,23034,30964,487,71170,0,693335,499890,14690,4568,42775,1314,129819,0,280,212048,499350,142728,176601,172034,157344,14690,4568,42775,1314,-44391,0,-189,-33381,71.4,28.6,35.4,34.5,31.3
,2024001212,令和6年12月,56,3.38,1.9,51.5,2622400,1574878,1561633,1500582,1318997,499991,8486,810520,172378,9207,9163,4479,3805,879,51888,4640,47248,0,13245,1185,12060,786629,558237,6659,0,0,0,221275,0,458,260892,2622400,797626,461974,129780,10233,9401,11287,5207,13345,4139,5666,12445,19760,6892,5561,25843,26818,16517,10301,21981,9719,5130,520,6612,22700,10545,425,640,4598,5997,494,19132,85,9823,2728,1672,53,1616,2717,437,18441,3238,743,4286,10175,46076,13170,21301,11605,44513,29842,283,14388,50902,3840,13056,2929,31077,81631,47589,7022,24883,2137,50088,53873,5203,325411,14631,429953,335651,160843,123758,32687,4398,174809,0,1478708,1201655,13889,81961,29989,1532,149601,0,81,346066,1239227,777252,732608,650647,643417,7230,81961,29989,1532,-71674,0,-377,85174,37.3,62.7,59.1,52.5,28.1
