ݖhΐ,,
2019N91_,,
{nn 10i\L,,
於,k,o
,35.91135556,139.5770611
,35.91098889,139.5800417
,35.91158889,139.5820167
,35.91313611,139.5799278
,35.91164722,139.5781472
,35.90764444,139.5819556
,35.92776667,139.5993972
,35.927525,139.5993333
,35.94048611,139.5873667
,35.93239444,139.5859194
,35.93475556,139.5843111
,35.9263,139.5836028
,35.93386667,139.5928111
,35.93401667,139.592375
,35.92782778,139.6004333
,35.91624167,139.5651472
,35.90976944,139.5758694
,35.93714167,139.5765389
,35.92462222,139.5578389
,35.90936389,139.5769472
,35.90117222,139.598
,35.90649167,139.5893889
,35.93280556,139.5977417
,35.91970278,139.5874833
,35.91334444,139.5978972
,35.91363889,139.5899417
,35.91357778,139.578825
,35.90439444,139.5883667
,35.90412222,139.591875
,35.91396389,139.5890778
,35.92937167,139.5849678
,35.91963333,139.5831861
,35.89748889,139.5986222
,35.936165,139.5952961
,35.93401333,139.59414
,35.91223417,139.5859044
,35.91434167,139.5675361
,35.92159722,139.5737056
,35.92058222,139.5781353
,35.92060639,139.5843578
,35.92914667,139.5797444
,35.92582083,139.5810478
,35.92715083,139.5772833
,35.88668333,139.5981417
,35.90938056,139.565125
,35.90014722,139.5790528
,35.903425,139.5836972
,35.91348889,139.563775
,35.89018611,139.5964972
,35.88696944,139.5824417
,35.90957222,139.5715278
,35.90853333,139.5730917
,35.894125,139.5838806
,35.90429111,139.5798894
,35.88917222,139.5821417
,35.90265278,139.5922056
,35.90137222,139.5917278
,35.87200278,139.5654333
,35.88285,139.6012833
,35.90657778,139.5773639
,35.90076944,139.5846694
,35.90370833,139.58235
,35.88991667,139.5995278
,35.90668333,139.5733972
,35.88691111,139.6000972
,35.88369444,139.5593306
,35.88355278,139.5598861
,35.90249167,139.5905806
,35.88394167,139.5907222
,35.87339444,139.5639611
k,35.95178611,139.6058806
k,35.94381111,139.6291111
k,35.95055556,139.6086056
k,35.95480278,139.6017639
k,35.94493611,139.626025
k,35.94459722,139.6268056
k,35.94713889,139.6236583
k,35.93603611,139.6338167
k,35.93538889,139.6290306
k,35.95560556,139.6028722
k,35.95126667,139.6021556
k,35.95691667,139.59445
k,35.94638889,139.6011778
k,35.94749722,139.5992278
k,35.94697778,139.6005889
k,35.95635833,139.5951889
k,35.94548333,139.6278444
k,35.94922778,139.6123861
k,35.92661389,139.6125556
k,35.94873333,139.6206889
k,35.93848333,139.6179139
k,35.94279444,139.6324194
k,35.95634444,139.5926306
k,35.92271389,139.60585
k,35.95693611,139.5997389
k,35.950225,139.6158972
k,35.943325,139.6265944
k,35.93908333,139.6261583
k,35.95373056,139.6138
k,35.93711111,139.6352167
k,35.95616389,139.5964139
k,35.91650556,139.5985389
k,35.95456111,139.608975
k,35.94764444,139.6090528
k,35.919125,139.6072917
k,35.94628611,139.6107917
k,35.92850556,139.6091667
k,35.95940278,139.6168056
k,35.93549722,139.6369
k,35.93842778,139.6202444
k,35.95450556,139.5975056
k,35.93583611,139.6152139
k,35.94029167,139.6332806
k,35.94621667,139.6066583
k,35.94427222,139.61205
k,35.94413611,139.6139389
k,35.93299167,139.6041028
k,35.94277222,139.6281833
k,35.94954167,139.5974528
k,35.94641667,139.5994972
k,35.94255833,139.6028722
k,35.94470278,139.6016222
k,35.95561944,139.6041611
k,35.92186667,139.6008889
k,35.93060833,139.6126333
k,35.95088333,139.6062722
k,35.91915556,139.6097889
k,35.92966111,139.6342139
k,35.93066944,139.6320194
k,35.92187222,139.633375
k,35.92275278,139.6338694
k,35.91646111,139.6164056
k,35.93451111,139.6247
k,35.93161389,139.619175
k,35.93162222,139.6334972
k,35.92410278,139.631025
k,35.93173889,139.6404139
k,35.93590278,139.6380917
k,35.92894722,139.637075
k,35.931775,139.6388472
k,35.92556667,139.6395028
k,35.91959444,139.6281806
k,35.92660139,139.6230378
k,35.93205833,139.6228639
k,35.92499722,139.6218833
k,35.92303889,139.626225
k,35.92836944,139.6258306
k,35.92926944,139.6288222
{,35.90916944,139.631775
{,35.90661389,139.6274917
{,35.91574444,139.6398972
{,35.91248056,139.6358306
{,35.91166944,139.6303944
{,35.91229444,139.6373417
{,35.90311667,139.6499778
{,35.91051111,139.6188528
{,35.9053,139.620475
{,35.91521944,139.6201944
{,35.89345,139.6132111
{,35.90234167,139.6260472
{,35.89433056,139.6036833
{,35.89788889,139.6051667
{,35.90905278,139.6133389
{,35.90191944,139.6175139
{,35.906375,139.6094111
{,35.89551389,139.6071056
{,35.91448333,139.6157194
{,35.89423889,139.6151306
{,35.90008611,139.6034528
{,35.90683889,139.6187306
{,35.88923611,139.6474361
{,35.89473889,139.6457306
{,35.90012778,139.642075
{,35.88795278,139.6483028
{,35.89148333,139.6481472
{,35.89238333,139.6473611
{,35.89797778,139.634375
{,35.89895,139.6339244
,35.90228889,139.6829528
,35.89693611,139.67185
,35.92218611,139.6861139
,35.91751944,139.6579639
,35.9134,139.6589361
,35.91123056,139.6608522
,35.91289167,139.6596861
,35.91273333,139.66065
,35.91235,139.6606861
,35.91253611,139.6618111
,35.90183056,139.6545083
,35.90308333,139.661375
,35.90300278,139.6631972
,35.90208333,139.6640417
,35.90131528,139.6650711
,35.90048056,139.6654111
,35.89798056,139.6646556
,35.89520556,139.6602222
,35.89767222,139.6651417
,35.89826667,139.666625
,35.90705278,139.6682361
,35.90805833,139.6839944
,35.91309167,139.6673778
,35.91369722,139.6634167
,35.91329722,139.6600194
,35.89450556,139.6974472
,35.91086667,139.6511944
,35.90471389,139.6667528
,35.91070833,139.6516778
,35.91492222,139.6644194
,35.91135833,139.6524111
,35.89875,139.6648861
,35.90138,139.6899544
,35.91167222,139.6603917
,35.91084722,139.6569083
,35.90396389,139.6627361
,35.90135278,139.6579778
,35.89771389,139.6670028
,35.8957,139.6637083
,35.90365,139.6665417
,35.90103417,139.6900644
,35.92858889,139.6828139
,35.92138056,139.6659194
,35.92080278,139.6656722
,35.92038056,139.6705944
,35.91778333,139.6713806
,35.91629722,139.6736361
,35.923675,139.667725
,35.93013611,139.6797111
,35.92268889,139.6590833
,35.92209167,139.6613361
,35.9207,139.6495167
,35.91980833,139.66995
,35.92344722,139.6512694
,35.92226944,139.6493222
,35.92479167,139.6697306
,35.92103333,139.6706611
,35.93502778,139.6515167
,35.93699444,139.6453111
,35.93909444,139.6436194
,35.94082222,139.64295
,35.94919444,139.6428611
,35.93835,139.6554139
,35.93715,139.6545194
,35.93618056,139.6561139
,35.94378333,139.6519222
,35.93953333,139.6643139
,35.94841667,139.6384833
,35.93731667,139.6559361
,35.94604444,139.6373056
,35.94763333,139.6312333
,35.94530278,139.641
,35.93993889,139.652575
,35.93841944,139.6506194
,35.94309944,139.6396383
,35.94813333,139.6536472
,35.92823333,139.6515361
,35.94180278,139.6446306
,35.93683889,139.6498
,35.94545833,139.6479417
,35.94921944,139.6306417
,35.94485,139.6522694
,35.94937222,139.650275
,35.93373889,139.6550167
,35.94134444,139.6479139
,35.95612222,139.6665444
,35.93224722,139.6668083
,35.95050278,139.6564833
,35.94773333,139.6552111
,35.94790556,139.6674917
,35.94735278,139.6790833
,35.94675,139.6783
,35.94460833,139.6775944
,35.94531111,139.6792639
,35.94590556,139.6802917
,35.94863333,139.6556528
,35.93852222,139.6710667
,35.95547778,139.6650361
,35.95764444,139.6598278
,35.95742778,139.6623306
,35.95793333,139.6606278
,35.95236667,139.6528528
,35.95649167,139.6625833
,35.94444722,139.6588667
,35.94783611,139.6624139
,35.94560833,139.6756722
,35.94901667,139.6704639
,35.95425278,139.6548333
,35.94486389,139.6693861
,35.95085833,139.66365
,35.95141389,139.6672694
,35.93952778,139.6713583
,35.94658889,139.6600694
,35.95394722,139.6671333
,35.955025,139.6691333
,35.95718889,139.6576389
,35.95262778,139.6646194
,35.95707222,139.6642028
,35.93504722,139.6724222
,35.95326667,139.6729639
,35.93228056,139.6746806
,35.95464167,139.6557556
,35.95592167,139.6586467
,35.93999167,139.6658472
,35.95359667,139.6578633
,35.88455278,139.62425
,35.882325,139.624825
,35.87639167,139.6275444
,35.87806389,139.6249694
,35.87900278,139.6203111
,35.89687222,139.6242222
,35.89188889,139.6291083
,35.89498056,139.626475
,35.89850833,139.6244889
,35.89715833,139.6264722
,35.88489444,139.6143694
,35.88225833,139.6370389
,35.87883056,139.6381472
,35.87991111,139.6404833
,35.87912778,139.6363917
,35.88205556,139.6362306
,35.87917222,139.6422583
,35.875375,139.6389639
,35.86340556,139.6443889
,35.85798889,139.642425
,35.86488889,139.6434389
,35.85511944,139.6427917
,35.85765278,139.6416528
,35.87384444,139.6285444
,35.86880278,139.623725
,35.87984722,139.6147111
,35.88150833,139.6176639
,35.88432778,139.6114528
,35.88762778,139.6123972
,35.88318611,139.6226528
,35.88178611,139.6209806
,35.87934167,139.6242611
,35.87615,139.6362278
,35.87409444,139.6238333
,35.87328056,139.6228833
,35.89257222,139.6318444
,35.87990833,139.6131778
,35.87721944,139.6121658
,35.86295556,139.6381028
,35.88128611,139.6295444
,35.86497028,139.6327656
,35.86387778,139.6319944
,35.89635556,139.6254472
,35.89040278,139.6292306
,35.88848611,139.6272583
,35.881475,139.6321083
,35.86043889,139.6421472
,35.87871667,139.6331667
,35.86514167,139.6391917
,35.886925,139.6337306
,35.86368056,139.638425
,35.889075,139.6284389
,35.881525,139.6236861
,35.86611667,139.642775
,35.88376944,139.6321694
,35.88287222,139.6330222
,35.86832222,139.6307083
,35.87804444,139.6288861
,35.85432778,139.6296778
,35.86260556,139.6111806
,35.85988611,139.6346083
,35.84244722,139.6345861
,35.84242778,139.6362083
,35.84558333,139.6329722
,35.84335,139.6304333
,35.84504167,139.6306583
,35.87113611,139.61725
,35.87051944,139.6154333
,35.86518889,139.6126056
,35.86213333,139.6266694
,35.85756944,139.6214056
,35.86039444,139.6207778
,35.85986667,139.6206083
,35.86397222,139.622725
,35.8669,139.6196806
,35.86689722,139.6194611
,35.85698333,139.63255
,35.85649444,139.63095
,35.85814167,139.6319472
,35.84706944,139.6325028
,35.86143889,139.6273972
,35.86345,139.6206639
,35.85602778,139.6264944
,35.85201667,139.6328861
,35.85873333,139.6280083
,35.83563889,139.630175
,35.84697778,139.622225
,35.85321944,139.6109194
,35.85384444,139.6097611
,35.85291667,139.6188
,35.85371667,139.618325
,35.84675278,139.6245972
,35.85076944,139.6214806
,35.84535,139.6243083
,35.84680278,139.6270056
,35.85687778,139.6221194
,35.84943333,139.6210417
,35.83868333,139.6336944
,35.87361667,139.6089139
,35.87444722,139.6097194
,35.87308333,139.6102778
,35.86317778,139.6091222
,35.88035278,139.6077833
,35.88223333,139.6106833
,35.85933333,139.608325
,35.8616,139.6078694
,35.86045278,139.6012417
,35.86781667,139.6083694
,35.86750278,139.6062722
,35.86671111,139.6050389
,35.86436389,139.61125
,35.87039167,139.61435
,35.87134722,139.6112528
,35.87312222,139.611675
,35.86451944,139.5999833
,35.86859167,139.5996917
Ya,35.84910833,139.664575
Ya,35.84864583,139.65987
Ya,35.84541389,139.6632222
Ya,35.84875556,139.6573556
Ya,35.84836111,139.654925
Ya,35.85015556,139.6566222
Ya,35.85214444,139.6563583
Ya,35.85480833,139.6569917
Ya,35.85416111,139.6560028
Ya,35.86119167,139.6455833
Ya,35.86201944,139.6456528
Ya,35.84805556,139.6641917
Ya,35.85560833,139.6500139
Ya,35.85456111,139.6493611
Ya,35.85341111,139.6485167
Ya,35.85675278,139.6588222
Ya,35.85609167,139.6566667
Ya,35.85538333,139.6556417
Ya,35.85762778,139.6511028
Ya,35.856275,139.6481778
Ya,35.85657222,139.6464139
Ya,35.86062222,139.6569806
Ya,35.8592,139.654775
Ya,35.85914444,139.6534778
Ya,35.85931111,139.6516667
Ya,35.85776111,139.64985
Ya,35.86229722,139.6475167
Ya,35.86048056,139.6466611
Ya,35.865225,139.6501556
Ya,35.86676389,139.650175
Ya,35.86536111,139.6458361
Ya,35.86815833,139.6453556
Ya,35.87064167,139.65725
Ya,35.8721,139.6518611
Ya,35.87515833,139.6477
Ya,35.87442222,139.6519028
Ya,35.86938889,139.6502
Ya,35.87309167,139.6479778
Ya,35.86888333,139.6478389
Ya,35.87087778,139.6455917
Ya,35.86909444,139.6424389
Ya,35.87293333,139.6432611
Ya,35.87272222,139.642675
Ya,35.87897222,139.6450056
Ya,35.87905556,139.6496306
Ya,35.87834444,139.6493556
Ya,35.87858889,139.6506028
Ya,35.87349722,139.6419444
Ya,35.87439167,139.6410306
Ya,35.87680278,139.642575
Ya,35.87582778,139.6429667
Ya,35.87839167,139.6420167
Ya,35.86680556,139.6557556
Ya,35.86768056,139.6587361
Ya,35.86675,139.6607778
Ya,35.86844167,139.6553278
Ya,35.86863611,139.6604417
Ya,35.87152778,139.6555417
Ya,35.84531667,139.6648667
Ya,35.87051944,139.6519722
Ya,35.85927778,139.6534778
Ya,35.86995833,139.6535861
Ya,35.86330556,139.6548861
Ya,35.86134167,139.6547194
Ya,35.84666389,139.6605083
Ya,35.88013611,139.6452194
Ya,35.87754444,139.6452972
Ya,35.85487222,139.6594806
Ya,35.85049167,139.6608694
Ya,35.85006667,139.6617167
Ya,35.85091667,139.657175
Ya,35.85252778,139.6592194
Ya,35.88239722,139.6429889
Ya,35.88588889,139.6425667
Ya,35.88522778,139.6481528
Ya,35.88461111,139.6456278
Ya,35.88578889,139.6501528
Ya,35.88358333,139.6520417
Ya,35.88725,139.6525056
Ya,35.88737222,139.6531722
Ya,35.88659167,139.6534806
Ya,35.88731389,139.6510861
Ya,35.88211111,139.6631806
Ya,35.88212639,139.6649339
Ya,35.88746667,139.6602722
Ya,35.89208611,139.6522833
Ya,35.88693611,139.6624694
Ya,35.88266667,139.6663444
Ya,35.88182222,139.6685194
Ya,35.88706389,139.6437567
Ya,35.87766111,139.6597667
Ya,35.87885278,139.6572139
Ya,35.87867778,139.6569333
Ya,35.875825,139.6567278
Ya,35.876575,139.6539111
Ya,35.87795278,139.65345
Ya,35.87838333,139.6533806
Ya,35.88011667,139.6521556
Ya,35.88031389,139.6519389
Ya,35.88016111,139.6492167
Ya,35.89070556,139.6522389
Ya,35.87992222,139.6651306
Ya,35.87735278,139.6690528
Ya,35.87873889,139.6708083
Ya,35.88231944,139.6556861
Ya,35.88094444,139.6636333
Ya,35.88498889,139.6602778
Ya,35.87916111,139.6525833
Ya,35.87690833,139.6518417
Ya,35.88278889,139.6467722
Ya,35.88149444,139.6476917
Ya,35.85612778,139.6623972
Ya,35.85466944,139.6636833
Ya,35.85559167,139.6658
Ya,35.85786111,139.6594639
Ya,35.85851667,139.6615361
Ya,35.85411389,139.6649667
Ya,35.85348056,139.6679111
Ya,35.85987222,139.6673889
Ya,35.85994722,139.6649444
Ya,35.86116111,139.6657
Ya,35.86243611,139.6670389
Ya,35.85980833,139.6609361
Ya,35.85794167,139.6640417
Ya,35.86203889,139.6613667
Ya,35.86266389,139.6580583
Ya,35.86563333,139.6594056
Ya,35.86363889,139.6651778
Ya,35.86433056,139.666375
Ya,35.86505,139.664475
Ya,35.868975,139.6682167
Ya,35.87008611,139.6652944
Ya,35.85099444,139.6656306
Ya,35.85855556,139.6654806
Ya,35.87125,139.6633778
Ya,35.873875,139.6653972
Ya,35.875325,139.6632056
Ya,35.87634444,139.6617528
Ya,35.87535278,139.6655833
Ya,35.87442222,139.6634389
Ya,35.87592778,139.6661444
Ya,35.87646389,139.6667528
Ya,35.87259444,139.6696694
Ya,35.87039444,139.6692278
Ya,35.87190833,139.6589361
Ya,35.87231944,139.657975
Ya,35.87413056,139.6616139
Ya,35.87608889,139.6608389
,35.83185833,139.6305583
,35.84561667,139.6666111
,35.84273056,139.66055
,35.84430556,139.6590611
,35.84163056,139.6582028
,35.83236389,139.6790083
,35.83381944,139.656625
,35.83559167,139.6565528
,35.83418333,139.6684056
,35.83346944,139.6654722
,35.83178333,139.6647889
,35.83694167,139.6599083
,35.83220833,139.6582306
,35.83149028,139.6625378
,35.83196944,139.6618333
,35.83007778,139.663925
,35.83101944,139.6612361
,35.82934167,139.6627583
,35.83139444,139.6680528
,35.83648889,139.6436944
,35.84085556,139.646125
,35.82957778,139.6698
,35.82765833,139.6627361
,35.84199167,139.6737889
,35.84023611,139.6693528
,35.83645556,139.676675
,35.83463333,139.6723778
,35.83200833,139.6779444
,35.83220833,139.6746889
,35.84979444,139.6522722
,35.84659167,139.6509889
,35.82885278,139.6685333
,35.84805278,139.6497056
,35.84661667,139.6487278
,35.8477,139.6473833
,35.85246389,139.6502028
,35.85164722,139.6502556
,35.85009444,139.6473889
,35.85329167,139.6464167
,35.84241667,139.647175
,35.84070833,139.6664444
,35.84270556,139.6660889
,35.83861389,139.6676556
,35.83622778,139.6655694
,35.84255833,139.664325
,35.83575,139.6504917
,35.836475,139.6482
,35.83575833,139.6475944
,35.84086111,139.6687361
,35.84503889,139.6435778
,35.83989167,139.6439972
,35.84247083,139.6419228
,35.83054167,139.6325306
,35.82993056,139.6334528
,35.83488889,139.6341222
,35.83346111,139.6341778
,35.8344,139.6421361
,35.83446944,139.6402139
,35.83358056,139.63815
,35.83439167,139.6439639
,35.83405556,139.6482556
,35.83371389,139.6461222
,35.83165278,139.6339194
,35.82980833,139.6396417
,35.82954167,139.6397583
,35.82995556,139.6430389
,35.82884722,139.6402111
,35.83235278,139.6454444
,35.83311944,139.6504417
,35.83361667,139.6512889
,35.83341667,139.6513833
,35.83281111,139.6518917
,35.83241111,139.6497833
,35.83031389,139.6496833
,35.83106667,139.6502917
,35.83085278,139.6526667
,35.831925,139.654025
,35.83731944,139.6380889
,35.84013056,139.6388722
,35.83912222,139.639575
,35.83665278,139.6405806
,35.83237222,139.6475944
,35.8397,139.660375
,35.83510556,139.6728417
,35.82994444,139.6384389
,35.84269444,139.6713083
,35.84493889,139.6691028
,35.83544444,139.6467361
,35.83896111,139.6480361
,35.855075,139.6715222
,35.85374722,139.6703361
,35.85196667,139.6722056
,35.84799722,139.6749661
,35.84754722,139.6742889
,35.84471389,139.6749333
,35.8446,139.6784972
,35.84119722,139.677775
,35.857325,139.6769361
,35.85673056,139.6769528
,35.85542222,139.6782222
,35.85511111,139.679625
,35.8524625,139.6784567
,35.85284722,139.6820083
,35.85230833,139.6827444
,35.84838889,139.6839444
,35.84676389,139.6862861
,35.84641667,139.6875278
,35.84982778,139.6887444
,35.85191667,139.6912861
,35.86254444,139.6800917
,35.854785,139.6773303
,35.857925,139.6765194
,35.861475,139.6858361
,35.86129167,139.6861639
,35.86052222,139.684625
,35.859025,139.6845806
,35.85741389,139.6848333
,35.85729306,139.68368
,35.85824444,139.680775
,35.85549722,139.6836556
,35.856525,139.6835944
,35.85793611,139.6797111
,35.85132333,139.6935822
,35.85913,139.6975033
,35.85221389,139.6958417
,35.85076944,139.6987194
,35.85860278,139.6855583
,35.850805,139.6727497
,35.86332778,139.6840944
,35.86270278,139.6848972
,35.848375,139.6718472
,35.84944306,139.6933811
,35.84934583,139.6785556
΋,35.85720833,139.7100139
΋,35.85743611,139.7125611
΋,35.86892778,139.7074444
΋,35.86584722,139.6982972
΋,35.87006111,139.7033833
΋,35.87488889,139.7010778
΋,35.87355833,139.7046
΋,35.8709875,139.6968117
΋,35.88068889,139.6744172
΋,35.85850556,139.7044556
΋,35.85690278,139.6990667
΋,35.88541944,139.6697944
΋,35.88657222,139.6713056
΋,35.88802778,139.6778278
΋,35.88209722,139.675825
΋,35.87780556,139.67735
΋,35.87795278,139.6805361
΋,35.88373611,139.6842611
΋,35.88342778,139.6842056
΋,35.88368611,139.6788583
΋,35.88388889,139.6763306
΋,35.8723,139.6716083
΋,35.86945833,139.6737667
΋,35.88561667,139.672875
΋,35.88503889,139.6937167
΋,35.87751389,139.6922361
΋,35.87518889,139.689875
΋,35.87878611,139.6935972
΋,35.87590556,139.6974333
΋,35.86421111,139.6981972
΋,35.87804722,139.6857444
΋,35.86078056,139.6693444
΋,35.86275,139.6695194
΋,35.86168056,139.6711028
΋,35.8588,139.6790306
΋,35.86142222,139.6745389
΋,35.86522222,139.671
΋,35.88781667,139.69485
΋,35.87936667,139.6846528
΋,35.86889444,139.6746778
΋,35.86934722,139.6771861
΋,35.87996944,139.682225
΋,35.8872,139.6842917
΋,35.86376389,139.6809
΋,35.87,139.6827944
΋,35.87323056,139.6794472
΋,35.87404444,139.6834389
΋,35.86659444,139.6883361
΋,35.87147222,139.6885083
΋,35.86906389,139.6896889
΋,35.86819722,139.6882083
΋,35.86842222,139.6932417
΋,35.86920556,139.6913139
΋,35.869425,139.6912667
΋,35.86694167,139.6947861
΋,35.86626667,139.6907
΋,35.8644,139.6960444
΋,35.86242222,139.6946361
΋,35.86503889,139.6870861
΋,35.86465556,139.686425
΋,35.86543056,139.6894722
΋,35.86774167,139.6869722
΋,35.87292778,139.6997833
΋,35.87014444,139.6937306
΋,35.88205,139.6948556
΋,35.85705,139.7099472
΋,35.85645278,139.711525
΋,35.87161111,139.6784472
΋,35.85866944,139.6989611
΋,35.88082222,139.6763361
΋,35.86472222,139.6704639
΋,35.876075,139.6723278
΋,35.88390556,139.6911944
΋,35.87788333,139.6895472
΋,35.86242778,139.7036556
΋,35.8666,139.7027139
΋,35.86650556,139.7068194
΋,35.86971944,139.7064167
΋,35.873475,139.6850028
΋,35.87961944,139.6887056
΋,35.86747778,139.68045
΋,35.881125,139.6812472
΋,35.86787222,139.6783806
΋,35.877575,139.7155028
΋,35.87704444,139.71435
΋,35.88731667,139.7152556
΋,35.88505,139.7125722
΋,35.88711944,139.717175
΋,35.89201667,139.7142611
΋,35.89588333,139.7164528
΋,35.89626667,139.7154667
΋,35.8974,139.7075917
΋,35.88573056,139.7268389
΋,35.88042778,139.7391944
΋,35.879875,139.7425
΋,35.88127778,139.7449444
΋,35.86828889,139.741525
΋,35.87120556,139.7394222
΋,35.87770833,139.73705
΋,35.87860278,139.7323972
΋,35.88113611,139.7401528
΋,35.88849722,139.7390306
΋,35.88947222,139.7380694
΋,35.87741111,139.7300278
΋,35.881975,139.7248167
΋,35.88580556,139.7191528
΋,35.87823333,139.7383361
΋,35.89061667,139.7366833
΋,35.950125,139.6865278
΋,35.94194167,139.68645
΋,35.93311944,139.706325
΋,35.93215,139.7057972
΋,35.93065,139.704925
΋,35.93754167,139.6866028
΋,35.94030278,139.6870472
΋,35.94712306,139.6955367
΋,35.94413611,139.6945306
΋,35.94039722,139.7137528
΋,35.94925222,139.6898206
΋,35.94586111,139.6883361
΋,35.94512222,139.7067278
΋,35.94555278,139.699575
΋,35.94036111,139.7036833
΋,35.94557222,139.7054444
΋,35.93173611,139.7169472
΋,35.94166667,139.7165306
΋,35.93914722,139.7096806
΋,35.93961944,139.7053
΋,35.93344167,139.7255694
΋,35.94154444,139.6867222
΋,35.94104444,139.7242056
΋,35.94854722,139.7325167
΋,35.92858889,139.7412
΋,35.93830556,139.7338528
΋,35.957375,139.7162056
΋,35.95050833,139.7086972
΋,35.95147778,139.7047194
΋,35.94421111,139.7347472
΋,35.95488889,139.7163083
΋,35.95173611,139.6946667
΋,35.94817778,139.7027333
΋,35.95901389,139.7191917
΋,35.95700278,139.7154778
΋,35.94677222,139.7066194
΋,35.95378889,139.7080833
΋,35.94899167,139.7065333
΋,35.94919444,139.7025861
΋,35.95298333,139.7139306
΋,35.95338333,139.7091028
΋,35.95101944,139.7133333
΋,35.95596111,139.6976306
΋,35.9572,139.6943194
΋,35.96970278,139.7150583
΋,35.964475,139.6977694
΋,35.96074444,139.7106417
΋,35.97135556,139.7201472
΋,35.96119167,139.6797528
΋,35.96397778,139.6754972
΋,35.97052222,139.6993611
΋,35.96114444,139.6980917
΋,35.96226944,139.7089083
΋,35.98141389,139.7075694
΋,35.97150556,139.70725
΋,35.96335556,139.6752972
΋,35.95233889,139.6849639
΋,35.97442222,139.7014639
΋,35.968725,139.7279111
΋,35.96055556,139.7150611
΋,35.97486667,139.7054361
΋,35.96628889,139.7223611
΋,35.97286389,139.725925
΋,35.95088056,139.6855
΋,35.96436667,139.7062972
΋,35.9763,139.706325
΋,35.96606667,139.7039056
΋,35.96589444,139.712625
΋,35.9007,139.7335667
΋,35.88060278,139.7521111
΋,35.91532222,139.7158806
΋,35.91368056,139.7181278
΋,35.91168333,139.7307611
΋,35.92216944,139.7226861
΋,35.92852222,139.7112333
΋,35.90698611,139.7358944
΋,35.91248056,139.7189333
΋,35.88189444,139.75155
