c̃R[h,c̖,{_,{_dbԍ,{_Z_\L,{_ܓx,{_ox,{_,T[rX_Ώہmp\n,{_elmnl,{_ۈJn,{_ۈI
11007,܎s,ۈ牀,048-622-5586,܎sAcJ{316,35.8873096,139.5955231,ԕۈ珊,TV`T,110,7:30,19:30
11007,܎s,܂ݕۈ牀,048-673-0330,܎s{383-8,35.9331223,139.5951744,ԕۈ珊,TV`T,50,7:00,19:00
11007,܎s,̐Xۈ牀,048-625-7272,܎s捂598,35.9266596,139.5679058,ԕۈ珊,TV`T,110,7:00,20:00
11007,܎s,琼ۈ牀,048-783-3755,܎s{O695-2,35.9240391,139.5854301,ԕۈ珊,U`T,90,7:30,19:30
11007,܎s,Vnۈ牀,048-620-7879,܎s搼Vn771-11,35.9094708,139.5683579,ԕۈ珊,TV`T,90,7:15,19:15
11007,܎s,ق̎qۈ牀,048-625-2222,܎sO535,35.9141026,139.5927187,ԕۈ珊,TV`T,120,7:00,19:00
11007,܎s,{ǂ񂮂ۈ牀,048-783-3361,܎sw3711-1,35.922865,139.58076,ԕۈ珊,TV`T,90,7:10,19:10
11007,܎s,̉Ԃ݂ۈ牀,048-782-4386,܎sO5641-3,35.903712,139.594554,ԕۈ珊,PQO`Q,40,7:00,19:00
11007,܎s,{ۈ牀,048-729-6726,܎s搼{3-25-5,35.912964,139.578932,ԕۈ珊,TV`T,80,7:00,19:00
11007,܎s,{ۈ牀,048-664-5054,܎skʏ98-6,35.9580582,139.5933561,ԕۈ珊,P΁`T,60,7:30,19:30
11007,܎s,{ۈ牀,048-652-3440,܎sk{1328-1,35.9433276,139.630489,ԕۈ珊,TV`T,110,7:00,19:30
11007,܎s,{ڂݕۈ牀,048-668-5203,܎skyC29-19,35.9303375,139.6327441,ԕۈ珊,SR`T,60,7:00,19:00
11007,܎s,n[j[ۈ牀,048-667-8655,܎sk{239-16,35.941145,139.6145481,ԕۈ珊,U`T,45,7:00,18:30
11007,܎s,Hۈ牀,048-661-6011,܎skg쒬119-1,35.9482403,139.6188755,ԕۈ珊,TV`T,60,7:00,19:30
11007,܎s,ɂۈ牀,048-652-5400,܎sk{1475-7,35.9370463,139.6168636,ԕۈ珊,SR`T,90,7:30,20:30
11007,܎s,₫̐Xۈ牀,048-661-6525,܎ski21519-1,35.9321441,139.6004571,ԕۈ珊,SR`T,90,7:30,19:30
11007,܎s,̂ۈ牀,048-796-4901,܎ski3543-3,35.9379852,139.6039668,ԕۈ珊,TV`T,60,7:30,19:30
11007,܎s,Vۈ牀,048-654-8714,܎sk{106,35.9384504,139.6262051,ԕۈ珊,TV`T,80,7:30,19:30
11007,܎s,{ނ̕ۈ牀,048-664-6659,܎sk{1430,35.9366693,139.619807,ԕۈ珊,XO`T,90,7:30,19:30
11007,܎s,iwOۈ牀,048-871-8457,܎ski21859-1,35.9324335,139.6068618,ԕۈ珊,XO`T,110,7:30,19:30
11007,܎s,䂤ۈ牀,048-699-0180,܎skyC128-1,35.9335318,139.6316166,ԕۈ珊,P΁`T,86,7:30,20:00
11007,܎s,ɂ̐ۈ牀,048-871-6687,܎sk{3209-2,35.9373749,139.610389,ԕۈ珊,P΁`T,60,7:15,20:15
11007,܎s,ۈ牀,048-782-5500,܎sk{483-5,35.9481104,139.609885,ԕۈ珊,U`T,90,7:00,19:00
11007,܎s,{iڕۈ牀,048-788-2820,܎ski21914-7,35.9329244,139.6084758,ԕۈ珊,XO`T,90,7:00,20:00
11007,܎s,ۈ牀,048-729-5831,܎sk{43-9,35.9431751,139.6091691,ԕۈ珊,U`T,90,7:15,19:15
11007,܎s,{ۂەۈ牀,048-729-8788,܎skyC1-46-1,35.936224,139.631101,ԕۈ珊,TV`T,90,7:15,19:15
11007,܎s,䂤ۈ牀,048-699-2202,܎skyC1-7-8,35.930603,139.630478,ԕۈ珊,XO`R,30,7:30,20:00
11007,܎s,听ЂȂۈ牀,048-729-6308,܎sk擌听1-656-1,35.918563,139.62377,ԕۈ珊,TV`T,60,7:30,19:30
11007,܎s,ۈ牀@i,048-661-0880,܎ski2-1746-3,35.932628,139.606105,ԕۈ珊,TV`T,60,7:30,19:30
11007,܎s,{݂̂ۈ牀,048-788-1878,܎skA|2-69-6,35.93295,139.62816,ԕۈ珊,TV`T,80,7:00,20:00
11007,܎s,eۈ牀,048-643-0880,܎s{V1148-1,35.9058618,139.639873,ԕۈ珊,TV`T,120,7:00,19:00
11007,܎s,Ƃ̖ؕۈ牀,048-650-0202,܎s{x̓3236-2,35.9160261,139.63816,ԕۈ珊,SR`T,60,7:00,19:00
11007,܎s,ԕۈ牀,048-782-8286,܎s{ؒ4554-1,35.8960833,139.6197837,ԕۈ珊,UO`T,100,7:30,19:30
11007,܎s,炻ۈ牀,048-666-4149,܎s{1574,35.9129494,139.6091818,ԕۈ珊,P΁`T,80,7:30,19:30
11007,܎s,EBNۈ牀,048-782-8716,"܎s{ؒ1185-2
̂т̂׻ޑ{2F",35.9033632,139.6225033,ԕۈ珊,U`T,90,7:00,20:00
11007,܎s,z̎qx̓ۈ牀,048-650-6611,܎s{x̓1178-1,35.9095957,139.637918,ԕۈ珊,TV`T,70,7:30,20:00
11007,܎s,听悤ۈ牀,048-778-8615,܎s{听2-161-1,35.915213,139.616301,ԕۈ珊,SR`T,80,7:30,19:30
11007,܎s,݂ٕۈ牀{V,048-658-3240,܎s{V1-505-2,35.9091,139.64188,ԕۈ珊,SR`T,60,7:30,19:30
11007,܎s,{₩ۈ牀,048-640-1171,܎s{g~4-197-2,35.896131,139.636283,ԕۈ珊,TV`T,80,7:00,20:00
11007,܎s,VsSЂȂۈ牀,048-871-5881,܎s{kܒ2-343,35.892667,139.645251,ԕۈ珊,TV`T,90,7:30,19:30
11007,܎s,ԑۈ牀,048-782-5963,܎s{ؒ4-570-1,35.903901,139.615885,ԕۈ珊,PWO`T,90,7:30,19:30
11007,܎s,ۈ牀~L[EFC听,048-667-2340,܎s{听3-280,35.920238,139.616968,ԕۈ珊,TV`T,60,7:15,20:15
11007,܎s,{ЂȂۈ牀,048-644-9227,܎s{ؒ4-928-1,35.930091,139.64798,ԕۈ珊,TV`T,90,7:30,19:30
11007,܎s,Ȃۈ牀,048-684-6132,܎s쒆582,35.9116602,139.6555724,ԕۈ珊,TV`T,110,7:30,19:30
11007,܎s,܂΂ƕۈ牀,048-685-0846,܎sJ2203-1,35.909726,139.686941,ԕۈ珊,TV`T,60,7:30,19:30
11007,܎s,ӂΕۈ牀,048-685-7431,܎s擌{526-11,35.9472051,139.6423865,ԕۈ珊,S`T,60,7:00,19:00
11007,܎s,˕ۈ牀,048-688-1110,܎sac21218-9,35.9301454,139.6479668,ԕۈ珊,SR`T,60,7:00,19:30
11007,܎s,~G[ۈ牀,048-683-1216,܎s쒆939-5,35.9172865,139.6575842,ԕۈ珊,TS`T,60,7:30,19:30
11007,܎s,"A[o݂炢{
vCLbYK[fۈ牀",048-682-7700,܎st25-1,35.9560952,139.6618359,ԕۈ珊,UO`T,120,7:00,20:00
11007,܎s,AXN{ۈ牀,048-661-5218,܎s擌{223-3,35.9469476,139.637407,ԕۈ珊,TV`T,90,7:00,20:00
11007,܎s,܂Εۈ牀,048-682-0002,܎sac11343-1,35.9287846,139.6488884,ԕۈ珊,SR`T,60,7:30,19:30
11007,܎s,nۈ牀,048-682-2550,܎s敗n695-5,35.9364975,139.6694291,ԕۈ珊,TU`T,90,7:30,19:30
11007,܎s,ӂΖۈ牀,048-812-4126,܎s擌{770-11,35.9406064,139.6458174,ԕۈ珊,S`T,90,7:00,19:00
11007,܎s,߂ۈ牀,048-682-5507,܎s厚쒆689-1,35.9148069,139.6509751,ԕۈ珊,TV`T,100,7:30,20:00
11007,܎s,{݂ʂܕۈ牀,048-684-6568,܎sac2-1633,35.9326725,139.6526401,ԕۈ珊,XO`T,100,7:30,19:30
11007,܎s,@ۈ牀,048-699-1641,܎s@100-1,35.932161,139.656309,ԕۈ珊,U`T,90,7:30,19:30
11007,܎s,Ȃtۈ牀,048-680-5335,܎s쒆605,35.912728,139.655639,ԕۈ珊,TV`T,90,7:30,19:30
11007,܎s,牀,048-682-0120,܎s擌{7-7-9,35.94726,139.646388,ԕۈ珊,TV`T,50,7:00,20:00
11007,܎s,˕ۈ牀,048-688-2220,܎sac2-1219-1,35.930091,139.64798,ԕۈ珊,R`2,40,7:00,19:00
11007,܎s,ǂ̂ۈ牀,048-767-7672,܎s擌{4-9-8,35.949031,139.638005,ԕۈ珊,TV`T,60,7:00,20:00
11007,܎s,^ЂȂǂۈ牀,048-852-4202,܎s{21-11,35.8828923,139.6202753,ԕۈ珊,SR`T,90,7:30,19:30
11007,܎s,ۈ牀,048-857-8841,܎s㗎811-20,35.8992501,139.6206923,ԕۈ珊,U`T,90,7:30,19:30
11007,܎s,܂ǂۈ牀,048-855-3331,܎s~710-9,35.896079,139.6072952,ԕۈ珊,U`T,70,7:00,19:30
11007,܎s,^{wOۈ牀,048-840-1151,܎sJ95-18,35.8778058,139.6274616,ԕۈ珊,TV`T,72,7:00,20:00
11007,܎s,Xۈ牀,048-857-7101,܎sJ56-11,35.8733684,139.6291554,ԕۈ珊,TV`T,90,7:30,19:30
11007,܎s,߂ۈ牀,048-840-5850,܎s{41-5,35.8857897,139.6241776,ԕۈ珊,SR`T,90,7:15,20:15
11007,܎s,炢ۈ牀,048-853-9000,܎s㗎520-20,35.8937329,139.6292448,ԕۈ珊,SR`T,45,7:15,20:15
11007,܎s,̓ۈ牀,048-858-1900,܎sJ118-6,35.8634694,139.6327818,ԕۈ珊,TV`T,120,7:00,20:00
11007,܎s,܂Ƃۈ牀,048-857-1115,܎s㗎617-21,35.895835,139.62635,ԕۈ珊,TV`T,70,7:15,20:15
11007,܎s,g܂ۈ牀,048-858-2500,܎s㗎916-3,35.9018571,139.6209711,ԕۈ珊,TV`T,100,7:30,19:00
11007,܎s,RRt@Ei[T[ܐVsS,048-762-9242,"܎sVsS11-1
JRܐVsS1K",35.893677,139.631842,ԕۈ珊,TV`T,60,7:00,20:00
11007,܎s,݂ٕۈ牀^V,048-851-3240,܎sV3-14-6,35.876577,139.655625,ԕۈ珊,SR`T,90,7:00,19:00
11007,܎s,ۈ牀@^,048-799-2831,܎sJ2-537-1,35.866927,139.630654,ԕۈ珊,TV`T,90,7:00,20:00
11007,܎s,YaЂȂǂۈ牀,048-861-8311,܎s搼x26-26,35.8567625,139.6329511,ԕۈ珊,SR`T,150,7:30,19:30
11007,܎s,ۈ牀,048-862-1601,܎sVJ2250-1,35.8573896,139.6144718,ԕۈ珊,R`T,80,7:20,19:20
11007,܎s,炵וۈ牀,048-862-3123,܎s搼x55-3,35.8565896,139.6265691,ԕۈ珊,TV`T,120,7:15,19:15
11007,܎s,Ђ܂cEcۈ牀,048-853-5770,܎s_c596-1,35.875537,139.6092193,ԕۈ珊,SQ`T,110,7:10,19:10
11007,܎s,䮕ۈ牀,048-865-4321,܎s搼x111-1,35.8545564,139.6363988,ԕۈ珊,SR`T,60,7:30,19:30
11007,܎s,ᑐۈ牀,048-837-2666,܎s쌳h112-20,35.8602398,139.625963,ԕۈ珊,Q΁`T,30,7:30,18:30
11007,܎s,Ђ܂cEcQۈ牀,048-853-3232,܎s_c595-1,35.8757096,139.6092828,ԕۈ珊,SQ`T,60,7:10,19:10
11007,܎s,j`CLbYܕۈ牀,048-851-0715,܎sha515-39,35.8647493,139.6146453,ԕۈ珊,TV`T,90,7:30,20:30
11007,܎s,炵בۈ牀,048-711-2885,܎s搼x8-3-13,35.860796,139.635018,ԕۈ珊,U`T,90,7:15,19:15
11007,܎s,Jۈ牀,048-711-5697,܎sc3-13-4,35.847391,139.630119,ԕۈ珊,R`T,90,7:00,19:00
11007,܎s,ۈ牀,048-839-1717,܎sc36-7,35.8489492,139.6325319,ԕۈ珊,SR`T,60,7:30,19:30
11007,܎s,G[ۈ牀,048-822-8696,܎sYa_221-14,35.8499609,139.659989,ԕۈ珊,SR`Q,35,7:00,19:00
11007,܎s,Ђ܂ۈ牀,048-827-0777,܎sYajJ216-16,35.8818162,139.6454051,ԕۈ珊,SQ`Q,30,7:10,19:10
11007,܎s,ł̎ۈ牀,048-887-2112,܎sYa搣521-18,35.8738324,139.6640565,ԕۈ珊,TV`T,70,7:30,19:30
11007,܎s,탉CgnEXۈ牀,048-834-1711,܎sYakYa38-9,35.8733719,139.6448749,ԕۈ珊,TV`T,80,7:30,19:30
11007,܎s,Ya悤ۈ牀,048-789-7201,܎sYa捂21-12,35.8568099,139.6549801,ԕۈ珊,SR`T,60,7:00,20:00
11007,܎s,Ղۈ牀,048-824-5982,܎sYa712-8,35.8670623,139.6442349,ԕۈ珊,SR`T,120,7:00,20:00
11007,܎s,RRt@Ei[T[Yaۈ牀,048-871-2780,܎sYa捂116-12,35.859734,139.656445,ԕۈ珊,TV`T,50,7:00,20:00
11007,܎s,X^[`ChYaۈ牀,048-871-0250,܎sYa擌25-7,35.8591241,139.6620475,ԕۈ珊,TV`T,60,7:00,20:00
11007,܎s,kYawOۈ牀,048-813-1177,܎sYa挳2-1-3 ײݽ׻މYaè3K,35.871464,139.648156,ԕۈ珊,TV`T,80,7:00,20:00
11007,܎s,PG̐X@Ya,048-678-4191,܎sYa撇3-2-24,35.860248,139.6501,ԕۈ珊,U`T,50,7:00,20:00
11007,܎s,RRt@Ei[T[YaOn,048-764-9632,܎sYaOn2-8-17,35.856779,139.663774,ԕۈ珊,TV`T,70,7:00,20:00
11007,܎s,؍ۈ珊,048-823-7051,܎sYa؍2-6-7,35.888934,139.63831,ԕۈ珊,TV`T,90,7:00,20:00
11007,܎s,||ۈ牀,048-711-5456,܎sYa9-15-19,35.869635,139.647384,ԕۈ珊,TV`T,80,7:00,20:00
11007,܎s,Ղ悤ۈ牀,048-814-3177,܎sYa10-19-31,35.871254,139.639768,ԕۈ珊,TV`T,90,7:00,20:00
11007,܎s,jJۈ牀,048-767-4297,܎sYajJ1-4-14,35.880218,139.642098,ԕۈ珊,TV`T,60,7:30,19:30
11007,܎s,Ya͕ۈ牀,048-826-5407,܎sYa8-15-9,35.863874,139.642217,ԕۈ珊,TV`T,100,7:00,20:00
11007,܎s,bvۈ牀^,048-755-9229,܎sYa؍1-3-4,35.885658,139.638833,ԕۈ珊,PRO`T,69,7:30,19:00
11007,܎s,Ȃꐯۈ牀@kYa,048-762-7492,܎sYakYa1-6-7,35.874624,139.646983,ԕۈ珊,R`T,60,7:30,19:30
11007,܎s,ӂƃZgۈ牀,048-755-9877,܎sYa捂3-53-1,35.858058,139.650549,ԕۈ珊,U`T,50,7:30,19:30
11007,܎s,Gۈ牀,048-885-8489,܎s摾cE417-7,35.8587219,139.6764392,ԕۈ珊,SR`T,30,7:00,19:00
11007,܎s,YaiLbYXe[Vۈ牀,048-710-6681,܎s攒511-10,35.8408249,139.6492084,ԕۈ珊,SR`T,60,7:00,20:00
11007,܎s,тƂ̐Xۈ牀,048-861-7368,܎s攒34-17,35.8455581,139.6538505,ԕۈ珊,TV`T,90,7:00,20:00
11007,܎s,YaK̎ۈ牀,048-838-9803,܎s攒511-7,35.8401139,139.6495807,ԕۈ珊,SR`T,45,7:00,20:00
11007,܎s,Ya悤ۈ牀,048-813-6036,܎sYa212-17,35.8517544,139.6743311,ԕۈ珊,SR`T,60,7:30,20:00
11007,܎s,X^[`Ch݂Ȃ݁ۈ牀,048-872-1000,܎sʏ615-22,35.8476019,139.6440917,ԕۈ珊,TV`T,90,7:00,20:00
11007,܎s,ۈ牀,048-789-7351,܎s411-12,35.8377249,139.6562843,ԕۈ珊,6`T,90,7:00,19:00
11007,܎s,߂̎ۈ牀,048-839-8888,܎s掭417-22,35.8483472,139.6384748,ԕۈ珊,TV`T,90,7:15,20:15
11007,܎s,ʂ̐Xۈ牀,048-866-8165,܎s掭622-28,35.843837,139.6367497,ԕۈ珊,TV`T,90,7:00,20:00
11007,܎s,RRt@Ei[T[Yaۈ牀,048-872-3201,܎sʏ619-8,35.8474835,139.6429621,ԕۈ珊,P΁`T,80,7:00,20:00
11007,܎s,ۈ牀,048-875-1860,܎sJ5436-3,35.8583481,139.6961708,ԕۈ珊,SR`T,90,7:00,20:00
11007,܎s,AXNނۈ牀,048-872-8107,܎sʏ71-12,35.846494,139.6497763,ԕۈ珊,TV`T,60,7:00,20:00
11007,܎s,A[g`ChPAYaۈ牀,048-710-6123,܎s敶215-12,35.8438582,139.668686,ԕۈ珊,TV`T,60,7:00,20:00
11007,܎s,ۈ牀,048-882-1234,܎sJ717,35.8635095,139.679137,ԕۈ珊,U`T,135,7:00,19:00
11007,܎s,܂悤ۈ牀,048-887-0606,܎sYa122-15,35.8507142,139.66648,ԕۈ珊,SR`T,80,7:30,19:30
11007,܎s,z̎qJۈ牀,048-712-0600,܎sJ2319-1,35.8589,139.6907832,ԕۈ珊,TV`T,100,7:30,20:00
11007,܎s,Gۈ牀,048-884-7722,܎sJ1484-3,35.8558105,139.6816696,ԕۈ珊,P΁`T,60,7:00,19:00
11007,܎s,߂̎ۈ牀,048-711-1414,܎s掭417-30,35.8482221,139.6388304,ԕۈ珊,P΁`T,60,7:15,20:15
11007,܎s,߂̐ۈ牀,048-711-1154,"܎sYa35-16
MD2K3K",35.8481671,139.6727718,ԕۈ珊,TV`T,90,7:15,20:15
11007,܎s,ۈ牀Yaۈ牀,048-871-1610,܎sYa242-18,35.8478088,139.6719969,ԕۈ珊,TV`T,80,7:00,20:00
11007,܎s,ۈ牀,048-865-0101,܎sȖ{48-2,35.8380454,139.6399223,ԕۈ珊,U`T,100,7:00,19:30
11007,܎s,`ChXNGAނۈ牀,048-872-1717,܎sʏ64-12,35.8478778,139.6468547,ԕۈ珊,TV`T,60,7:15,20:15
11007,܎s,Εۈ牀,048-863-9997,"܎se111-2
&ް1K",35.8429477,139.6471965,ԕۈ珊,U`T,50,7:00,20:00
11007,܎s,ۈ牀@{,048-833-5810,܎s{2-22-2,35.848668,139.666627,ԕۈ珊,TV`T,90,7:00,20:00
11007,܎s,RXXۈ牀,048-837-7999,܎s掭3-1-7,35.850669,139.640928,ԕۈ珊,SR`T,60,7:15,20:15
11007,܎s,YaN}ۈ珊,048-836-0011,܎s掭5-4-5,35.84577,139.64214,ԕۈ珊,TV`T,80,7:30,19:30
11007,܎s,߂̉wۈ牀,048-711-2245,܎s掭3-15-2,35.849203,139.642108,ԕۈ珊,TV`T,90,7:15,20:15
11007,܎s,Ya܂[ȕۈ牀,048-836-0001,܎sʏ5-10-17,35.852658,139.64168,ԕۈ珊,U`T,80,7:00,19:00
11007,܎s,YaЂȂۈ牀,048-767-3114,܎s攒6-5-8,35.836667,139.652747,ԕۈ珊,TV`T,120,7:30,19:30
11007,܎s,̗ۈ牀,048-711-7120,܎sȖ{5-10-6,35.837737,139.643181,ԕۈ珊,U`T,50,7:00,19:00
11007,܎s,G[cۈ牀,048-873-6395,܎s΋撆217,35.8710899,139.6794352,ԕۈ珊,SR`T,92,7:00,19:00
11007,܎s,ܕۈ牀,048-873-0558,܎s΋{{27-18,35.8856121,139.6923166,ԕۈ珊,TV`T,78,7:30,19:30
11007,܎s,Ya݂ǂۈ牀,048-874-1719,܎s΋擌Ya430-1,35.8698225,139.6999026,ԕۈ珊,SR`T,150,7:00,19:00
11007,܎s,ؕۈ牀,048-810-5237,܎s΋揼119-21,35.8811347,139.6846602,ԕۈ珊,SR`T,60,7:30,19:30
11007,܎s,߂ۈ牀,048-795-8011,܎s΋Ԗ144,35.8767968,139.6911705,ԕۈ珊,TV`T,60,7:30,19:30
11007,܎s,YawOۈ牀,048-878-7733,܎s΋3730-2,35.8890571,139.7311502,ԕۈ珊,Q`T,90,7:00,19:30
11007,܎s,݂ۈ牀,048-878-1888,܎s΋扺c940,35.8956252,139.7304654,ԕۈ珊,TV`T,60,7:00,19:00
11007,܎s,₫̐Xۈ牀Ōۈ牀,048-810-5505,܎s΋Ō112-2,35.8799725,139.6883389,ԕۈ珊,SR`T,80,7:30,19:30
11007,܎s,Ya悤ۈ牀,048-873-2222,܎s΋擌Ya414-1,35.8677515,139.7017864,ԕۈ珊,SR`T,80,7:30,19:30
11007,܎s,YaECOVeBۈ牀,048-812-6755,܎s΋4337,35.8895588,139.7347353,ԕۈ珊,Q`T,80,7:00,19:30
11007,܎s,i`ۈ牀,048-829-7793,܎s΋O1964-4,35.8846163,139.6800531,ԕۈ珊,TV`T,110,7:30,19:30
11007,܎s,QYa݂ǂۈ牀,048-826-5358,܎s΋擌Ya720-11,35.8710003,139.7052767,ԕۈ珊,SR`T,70,7:00,19:00
11007,܎s,邢ۈ牀,048-767-3839,܎s΋擹cy313-3,35.8773515,139.6720371,ԕۈ珊,TV`T,90,7:15,19:15
11007,܎s,ӂƕۈ牀,048-789-6655,܎s΋挴R23-26,35.8681205,139.6664857,ԕۈ珊,U`T,110,7:00,20:00
11007,܎s,uCgۈ牀Ya,048-812-0190,܎s΋厚c509,35.894582,139.726423,ԕۈ珊,U`T,90,7:00,20:00
11007,܎s,Vۈ牀,048-762-6712,܎s΋3-8-3,35.898254,139.729383,ԕۈ珊,TV`T,60,7:15,19:15
11007,܎s,ɂ̂ۈ牀,048-799-3535,܎s΋扺c450,35.893657,139.724169,ԕۈ珊,SR`T,60,7:00,19:00
11007,܎s,݂炢ۈ牀,048-873-3363,܎s΋Ԗ2-25-26,35.8752,139.689569,ԕۈ珊,TV`T,70,7:30,19:30
11007,܎s,Ya݂̕ۈ牀,048-767-4465,܎s΋4-16-1,35.896626,139.728193,ԕۈ珊,XO`T,120,7:00,19:00
11007,܎s,܂̎qyOۈ牀{,048-875-6067,܎s΋O496-1,35.889852,139.668468,ԕۈ珊,U`T,90,7:30,19:30
11007,܎s,΂ۈ牀,048-711-1808,܎s΋3-29-4,35.89964,139.723484,ԕۈ珊,TV`T,90,7:00,19:00
11007,܎s,ՏƉYaۈ牀,048-812-2244,܎s΋3-10-16,35.898976,139.727203,ԕۈ珊,TV`T,60,7:00,19:00
11007,܎s,ۈ牀傫Ȃ,048-753-9883,܎s΋6-7-18,35.886706,139.738116,ԕۈ珊,R`T,90,7:00,19:00
11007,܎s,Xeܑۈ牀,048-762-8282,܎s΋1223-1,35.880567,139.734918,ԕۈ珊,TV`T,90,7:00,20:00
11007,܎s,΂ȕۈ牀,048-756-1275,܎s΋摾c110-19,35.9480437,139.7069633,ԕۈ珊,U`T,60,7:00,19:00
11007,܎s,Εۈ牀,048-756-3350,܎s΋{210-3,35.9583426,139.7034002,ԕۈ珊,R`T,110,7:00,19:00
11007,܎s,ۈ牀,048-798-5632,܎s΋ђ624,35.9299251,139.730498,ԕۈ珊,R`T,90,7:00,19:00
11007,܎s,΂ۈ牀,048-794-6888,܎s΋\725-2,35.9716632,139.7102641,ԕۈ珊,R`T,120,7:30,19:30
11007,܎s,Εۈ牀,048-794-7452,܎s΋擌24-6,35.9650388,139.7078098,ԕۈ珊,TV`T,60,7:30,19:30
11007,܎s,炱΂ƕۈ牀,048-798-4450,܎s΋{227-48,35.9427062,139.7140892,ԕۈ珊,U`T,80,7:00,19:00
11007,܎s,킢fCi[X[ۈ牀,048-757-2777,܎s΋敽ю487,35.9673663,139.67417,ԕۈ珊,TV`T,120,7:00,19:00
11007,܎s,Yۈ牀,048-798-3535,܎s΋ޏVc1425-3,35.8951163,139.737946,ԕۈ珊,U`T,45,7:30,19:00
11007,܎s,ۈ牀,048-812-4850,܎s΋ޏVc1428,35.8955434,139.7384196,ԕۈ珊,TV`T,60,7:00,19:00
11007,܎s,Yۈ牀,048-797-2966,܎s΋ޏVc696,35.895738,139.734184,ԕۈ珊,U`T,120,7:30,19:00
11007,܎s,Ђܕۈ牀,048-797-8807,܎s΋搼2-5-12,35.951511,139.690861,ԕۈ珊,TV`T,60,7:00,20:00
