Ziݒnj,,,X֔ԍ,sdk,e`w,ܓx,ox
Yaݒ41-29,܎swZ,wZ,330-0064,048-829-2737,048-835-1260,35.8565402,139.6567957
Ya930-9,܎sՏwZ,wZ,330-0061,048-831-2349,048-835-1354,35.8687852,139.6431591
Yả419-4,܎s؍菬wZ,wZ,330-0072,048-831-2281,048-835-1351,35.8828389,139.6528972
摾cE510-6,܎sJcwZ,wZ,336-0015,048-882-2980,048-811-1334,35.8563425,139.6779167
Ya{212-31,܎s{wZ,wZ,330-0052,048-882-3008,048-811-1331,35.861645,139.6610407
Ya{226-25,܎s{wZ,wZ,330-0052,048-882-3007,048-811-1333,35.8652862,139.6575864
΋O1994,܎sOwZ,wZ,336-0911,048-874-1207,048-810-1122,35.8839859,139.6821945
΋擌Ya811-5,܎sԖ؏wZ,wZ,336-0926,048-873-6000,048-810-1121,35.8692123,139.6971483
攒11-20,܎sYawZ,wZ,336-0022,048-861-3781,048-836-1585,35.8452633,139.6579715
ʏ25-34,܎sYaʏwZ,wZ,336-0021,048-862-2775,048-836-1584,35.849628,139.6481557
YakYa218-3,܎skYawZ,wZ,330-0074,048-831-2463,048-835-1352,35.8773737,139.6483223
Ya818-4,܎swZ,wZ,330-0061,048-831-4781,048-835-1355,35.8641462,139.6405637
Ya؍34-3,܎s؍菬wZ,wZ,330-0071,048-831-3879,048-835-1350,35.8877089,139.6429528
Yaݒ520-4,܎sݒwZ,wZ,330-0064,048-861-4320,048-836-1576,35.8510276,139.6502606
Ya118-3,܎sJꏬwZ,wZ,336-0017,048-882-2555,048-811-1326,35.8527792,139.6679633
搼x721-1,܎sywZ,wZ,338-0832,048-862-5156,048-836-1580,35.8578801,139.6270631
܊21,܎svۏwZ,wZ,338-0815,048-854-7636,048-840-1425,35.8724273,139.5986255
΋挴R130-12,܎sRwZ,wZ,336-0931,048-882-7907,048-811-1332,35.8663979,139.6707648
Yả72-1,܎sjJwZ,wZ,330-0072,048-831-9040,048-835-1356,35.8818921,139.6490582
J213-54,܎sJ꓌wZ,wZ,336-0016,048-882-4618,048-811-1327,35.8534017,139.6749531
΋1189,܎s召wZ,wZ,336-0963,048-878-0024,048-812-1047,35.8807931,139.7335412
΋c16,܎scwZ,wZ,336-0977,048-878-0003,048-812-1048,35.9002314,139.7039548
Ȗ{13-5,܎sYawZ,wZ,336-0033,048-862-3510,048-836-1581,35.8384836,139.6301684
63-28,܎sҏwZ,wZ,336-0026,048-862-1072,048-836-1579,35.8332822,139.6583359
Ya哌314-1,܎s哌wZ,wZ,330-0043,048-886-7296,048-811-1330,35.8835214,139.6645276
敶516-29,܎swZ,wZ,336-0025,048-863-0721,048-836-1583,35.8351911,139.6739404
e28-36,܎sewZ,wZ,336-0027,048-863-0777,048-836-1582,35.8391289,139.6462743
LJ24,܎sJwZ,wZ,336-0041,048-887-2731,048-811-1325,35.8625114,139.6833135
ha17-1,܎shawZ,wZ,338-0823,048-853-4022,048-840-1427,35.8617584,139.6175204
΋擹cy11-1,܎scywZ,wZ,336-0907,048-885-2512,048-811-1328,35.874738,139.6688806
c1012-1,܎scwZ,wZ,338-0837,048-863-8122,048-836-1578,35.8377634,139.6233599
vۗ̉331,܎svۓwZ,wZ,338-0826,048-852-3065,048-840-1426,35.8712917,139.6034359
ʏ714-28,܎sYa嗢wZ,wZ,336-0021,048-864-6731,048-836-1575,35.844779,139.6436311
VJ218-1,܎sVJwZ,wZ,338-0834,048-864-6741,048-836-1577,35.8509825,139.6182366
_c541-1,܎s_cwZ,wZ,338-0812,048-853-4377,048-840-1428,35.8751523,139.607354
΋撆2596-1,܎swZ,wZ,336-0932,048-873-0216,048-810-1120,35.8680829,139.6826742
摾cE2500-1,܎sPOwZ,wZ,336-0015,048-882-7871,048-811-1329,35.8531781,139.6860068
΋擌Ya612-3,܎sqwZ,wZ,336-0926,048-874-3456,048-810-1124,35.8724897,139.7068465
撆128-1,܎swZ,wZ,338-0822,048-854-9900,048-840-1429,35.8654134,139.6239382
΋Ō25,܎sŌwZ,wZ,336-0917,048-873-4133,048-810-1123,35.8818243,139.6915416
YajJ42-12,܎sՖkwZ,wZ,330-0075,048-825-6336,048-835-1353,35.878862,139.6390732
J5437,܎swZ,wZ,336-0042,048-874-1150,048-810-1326,35.8573114,139.6958644
{咬33,܎s{wZ,wZ,330-0846,048-641-7051,048-645-1655,35.9066427,139.6300819
{x̓3145,܎s{wZ,wZ,330-0804,048-644-0311,048-645-4590,35.9139472,139.6356471
{g~387,܎s{쏬wZ,wZ,330-0843,048-641-0339,048-641-0366,35.9008902,139.6338016
{{384,܎s{kwZ,wZ,330-0802,048-644-0123,048-644-5603,35.9116699,139.6271357
{ؒ4328-9,܎s؏wZ,wZ,330-0854,048-641-0276,048-645-5934,35.903571,139.6170936
{O220,܎sOwZ,wZ,330-0856,048-641-0792,048-644-7322,35.9039914,139.6043486
{听2282,܎s听wZ,wZ,330-0852,048-663-1007,048-663-9882,35.914945,139.6138608
k擌听212,܎s听wZ,wZ,331-0814,048-663-3210,048-663-9883,35.9249602,139.6188557
ki2911,܎siwZ,wZ,331-0823,048-663-6942,048-664-8988,35.9252012,139.6076042
ki3178,܎sikwZ,wZ,331-0823,048-663-1842,048-663-9884,35.9368612,139.6039426
k{4102-6,܎s{wZ,wZ,331-0812,048-664-5153,048-664-8989,35.9490985,139.6061601
kA|21,܎sA|wZ,wZ,331-0813,048-663-7627,048-663-9885,35.9300053,139.6257619
k{1,܎s卻ywZ,wZ,331-0802,048-663-7005,048-663-9886,35.9380076,139.6269762
ac2998,܎s卻ywZ,wZ,337-0053,048-684-8003,048-684-8965,35.937816,139.6469866
擌{245,܎swZ,wZ,337-0051,048-663-7342,048-663-9887,35.9488195,139.6326119
搼{149-6,܎swwZ,wZ,331-0047,048-623-0133,048-624-2200,35.9227933,139.5729679
搼Vn189-1,܎sn{wZ,wZ,331-0061,048-624-4452,048-624-2247,35.9039345,139.5713645
ѓcVc189-2,܎sn{wZ,wZ,331-0068,048-624-4041,048-624-2273,35.8862476,139.5595517
撆225-1,܎sAwZ,wZ,331-0057,048-624-4235,048-624-2280,35.8944299,139.5947737
擌V244-1,܎sЖwZ,wZ,337-0032,048-683-3174,048-683-8971,35.910758,139.6702252
擌{312,܎swZ,wZ,337-0012,048-683-3513,048-683-8993,35.9293773,139.6758898
t229-1,܎stwZ,wZ,337-0008,048-683-3281,048-683-8974,35.9495949,139.6622387
O51359,܎s{wZ,wZ,331-0052,048-624-0035,048-624-2316,35.9041791,139.5905271
ѓc811,܎shwZ,wZ,331-0058,048-623-0775,048-624-2336,35.9069567,139.5829522
kʏ42-1,܎s{ʏwZ,wZ,331-0821,048-667-3633,048-667-8770,35.955147,139.5973356
{V21077,܎sŐ쏬wZ,wZ,330-0834,048-644-7544,048-644-5604,35.9052438,139.6444566
@1070,܎s@wZ,wZ,337-0015,048-684-3678,048-684-8964,35.934316,139.6606086
{㏬1337-1,܎s㏬wZ,wZ,330-0855,048-644-6251,048-644-5633,35.8966922,139.6166832
{O341,܎s{OwZ,wZ,331-0046,048-623-8121,048-624-2357,35.9231627,139.5943454
J18,܎sJwZ,wZ,337-0014,048-685-8511,048-685-5137,35.9212036,139.6658947
擇533-2,܎swZ,wZ,337-0006,048-685-0607,048-685-5187,35.9468495,139.6517828
撆B1506-1,܎swkwZ,wZ,331-0077,048-622-4131,048-624-2358,35.9335728,139.5719665
擌{215-1,܎s{wZ,wZ,337-0012,048-685-3652,048-685-5119,35.9259145,139.6776449
k捡H628,܎sוwZ,wZ,331-0801,048-651-5637,048-651-4831,35.9501991,139.6258542
擌V710-5,܎sCVwZ,wZ,337-0032,048-686-2125,048-686-5350,35.9082327,139.6600122
t110-1,܎st쏬wZ,wZ,337-0002,048-685-3055,048-685-3488,35.9567572,139.6674662
{35-23,܎s^{wZ,wZ,338-0003,048-852-4444,048-852-9223,35.8836821,139.6228486
㗎414-24,܎s㗎wZ,wZ,338-0001,048-852-5381,048-852-0150,35.8940704,139.6258448
V16-28,܎sˏwZ,wZ,338-0011,048-831-3796,048-831-3589,35.8724274,139.6358656
㗎17-33,܎swZ,wZ,338-0001,048-852-2280,048-852-0188,35.8899203,139.6314716
~43-7,܎s^쐼kwZ,wZ,338-0007,048-853-0109,048-853-6110,35.8876058,139.6079287
J51-1,܎sJwZ,wZ,338-0013,048-852-5675,048-852-1917,35.8713433,139.6314492
{523-14,܎s^씪wZ,wZ,338-0003,048-854-5561,048-854-5560,35.8909133,139.6220754
62-25,܎s^쏬wZ,wZ,338-0012,048-831-0157,048-831-0122,35.8666965,139.6357118
΋{56-45,܎sΏwZ,wZ,339-0057,048-756-3341,048-758-7488,35.9536949,139.6985366
΋撇117-3,܎scwZ,wZ,339-0054,048-756-0515,048-758-7487,35.9481443,139.704578
΋쓇422-1,܎sʏwZ,wZ,339-0018,048-799-1060,048-799-0424,35.9419524,139.7312004
΋攐762,܎s菬wZ,wZ,339-0045,048-798-3831,048-798-8672,35.9337231,139.7014645
΋捕J1353,܎saywZ,wZ,339-0033,048-798-0208,048-798-8730,35.9261999,139.7206831
΋1252,܎sVawZ,wZ,339-0027,048-798-0003,048-798-8732,35.9105858,139.7324384
΋掜259,܎swZ,wZ,339-0009,048-794-1140,048-795-0377,35.9816894,139.7077972
΋敽ю351,܎s͍wZ,wZ,339-0076,048-756-2243,048-758-7492,35.9672515,139.6720618
΋zK26-1,܎sΏwZ,wZ,339-0007,048-794-1584,048-795-0369,35.9702155,139.7093288
΋6619,܎skwZ,wZ,339-0061,048-757-5391,048-758-7491,35.9620449,139.6939101
΋擿136-4,܎s͏wZ,wZ,339-0004,048-794-2318,048-795-0376,35.9741308,139.7164774
΋㗢22,܎s㗢wZ,wZ,339-0006,048-794-2316,048-795-0378,35.9651552,139.7041699
΋搼6-25,܎swZ,wZ,339-0081,048-757-2271,048-758-7489,35.9527001,139.6833046
΋쉺V1191-1,܎s쏬wZ,wZ,339-0032,048-798-4811,048-798-8736,35.9359332,139.712631
87-32,܎sғ쏬wZ,wZ,336-0026,048-839-3001,048-839-3002,35.8315171,139.6651876
k{3902-4,܎s΂wZ,wZ,331-0812,048-661-0283,048-653-4714,35.9335265,139.6105142
΋533,܎swZ,wZ,336-0967,048-812-6611,048-878-6660,35.8906454,139.7353881
΋212-11,܎skwZ,wZ,336-0967,048-812-2277,048-812-0808,35.901152,139.723611
