,時間軸コード,市区名,面積_（㎞２）,東端_地名,東端_東経,西端_地名,西端_東経,南端_地名,南端_北緯,北端_地名,北端_北緯,東西（東端～西端）_距離_（km）,南北（南端～北端）_距離_（km）,最高地名_地名,最高地名_海抜_（m）,最低地名_地名,最低地名_海抜_（m）
,2025000000,さいたま市,217.43,岩槻区大字大森,139°45′26″,西区大字指扇領別所,139°32′24″,南区辻8丁目,35°49′42″,岩槻区大字鹿室,36°00′09″,19.6,19.3,桜区中島2丁目,19.8,桜区田島10丁目,4.4
,2025000000,西区,29.12,西区大字植田谷本,139°36′14″,西区大字指扇領別所,139°32′24″,西区大字塚本,35°52′18″,西区大字西新井,35°56′43″,5.7,8.3,…,…,…,…
,2025000000,北区,16.86,北区見沼1丁目,139°38′36″,北区別所町,139°35′16″,北区日進町1丁目,35°54′51″,北区吉野町2丁目,35°57′58″,5,5.7,…,…,…,…
,2025000000,大宮区,12.8,大宮区天沼町2丁目,139°38′58″,大宮区三橋4丁目,139°35′44″,大宮区三橋4丁目,35°53′15″,大宮区寿能町2丁目,35°55′32″,4.9,4.2,…,…,…,…
,2025000000,見沼区,30.69,見沼区片柳1丁目,139°42′03″,見沼区東大宮3丁目,139°37′33″,見沼区片柳1丁目,35°53′33″,見沼区大字丸ヶ崎,35°57′55″,6.8,8.1,…,…,…,…
,2025000000,中央区,8.39,中央区大戸4丁目,139°38′44″,中央区八王子5丁目,139°36′15″,中央区大戸1丁目,35°51′16″,中央区上落合9丁目,35°54′08″,3.7,5.3,…,…,…,…
,2025000000,桜区,18.64,桜区西堀1丁目,139°38′15″,桜区大字下大久保,139°34′08″,桜区大字下大久保,35°49′53″,桜区大字白鍬,35°53′20″,6.2,6.3,…,…,…,…
,2025000000,浦和区,11.51,浦和区大東3丁目,139°40′07″,浦和区上木崎1丁目,139°37′58″,浦和区神明2丁目,35°50′47″,浦和区大原5丁目,35°54′07″,3.3,6.1,…,…,…,…
,2025000000,南区,13.82,南区大字大谷口,139°41′52″,南区大字堤外,139°36′59″,南区辻8丁目,35°49′42″,南区大字大谷口,35°52′01″,7.3,4.2,…,…,…,…
,2025000000,緑区,26.44,緑区東大門3丁目,139°44′40″,緑区大字三浦,139°39′37″,緑区大字大間木,35°51′25″,緑区大字上野田,35°55′06″,7.6,6.8,…,…,…,…
,2025000000,岩槻区,49.17,岩槻区大字大森,139°45′26″,岩槻区大字馬込,139°39′12″,岩槻区大字釣上新田,35°52′46″,岩槻区大字鹿室,36°00′09″,9.4,13.6,…,…,…,…
