,時間軸コード,年次,市区名,世帯数_（世帯）,人口_総数_（人）,人口_男_（人）,人口_女_（人）,1世帯当たり人員_（人）,1k㎡当たり世帯密度_（世帯）,1k㎡当たり人口密度_（人）,面積_（㎢）
,2020000000,令和2年,さいたま市,602397,1314146,653652,660494,2.181528128,2770.533045,6043.995769,217.43
,2020000000,令和2年,西区,40607,91968,45541,46427,2.264831187,1394.471154,3158.241758,29.12
,2020000000,令和2年,北区,68314,148118,73756,74362,2.168193928,4051.838671,8785.172005,16.86
,2020000000,令和2年,大宮区,57266,118118,58573,59545,2.062620054,4473.90625,9227.96875,12.8
,2020000000,令和2年,見沼区,73843,163289,80951,82338,2.211299649,2406.09319,5320.593027,30.69
,2020000000,令和2年,中央区,48064,101957,50557,51400,2.121275799,5728.724672,12152.20501,8.39
,2020000000,令和2年,桜区,45941,95929,48687,47242,2.088091247,2464.645923,5146.405579,18.64
,2020000000,令和2年,浦和区,74944,164449,79846,84603,2.194291738,6511.207646,14287.48914,11.51
,2020000000,令和2年,南区,88503,191127,96181,94946,2.159553913,6403.97974,13829.73951,13.82
,2020000000,令和2年,緑区,54280,127245,63060,64185,2.344233604,2052.950076,4812.594554,26.44
,2020000000,令和2年,岩槻区,50635,111946,56500,55446,2.210842303,1029.79459,2276.713443,49.17
,2021000000,令和3年,さいたま市,613242,1324589,658183,666406,2.159977627,2820.411167,6092.02502,217.43
,2021000000,令和3年,西区,41722,93412,46192,47220,2.238914721,1432.760989,3207.82967,29.12
,2021000000,令和3年,北区,69689,149045,74178,74867,2.138716297,4133.392645,8840.154211,16.86
,2021000000,令和3年,大宮区,58499,119322,59147,60175,2.039727175,4570.234375,9322.03125,12.8
,2021000000,令和3年,見沼区,74901,163885,81178,82707,2.188021522,2440.56696,5340.013034,30.69
,2021000000,令和3年,中央区,48820,102384,50637,51747,2.09717329,5818.831943,12203.09893,8.39
,2021000000,令和3年,桜区,46401,95859,48640,47219,2.065882201,2489.324034,5142.650215,18.64
,2021000000,令和3年,浦和区,76243,166257,80693,85564,2.18061986,6624.06603,14444.56994,11.51
,2021000000,令和3年,南区,89399,192083,96518,95565,2.148603452,6468.813314,13898.91462,13.82
,2021000000,令和3年,緑区,55818,129440,64062,65378,2.318965208,2111.119516,4895.612708,26.44
,2021000000,令和3年,岩槻区,51750,112902,56938,55964,2.181681159,1052.471019,2296.156193,49.17
,2022000000,令和4年,さいたま市,622491,1332226,661105,671121,2.14015303,2862.948995,6127.148967,217.43
,2022000000,令和4年,西区,42464,94154,46580,47574,2.21726639,1458.241758,3233.31044,29.12
,2022000000,令和4年,北区,70597,149530,74252,75278,2.118078672,4187.247924,8868.920522,16.86
,2022000000,令和4年,大宮区,59986,121305,60194,61111,2.022221852,4686.40625,9476.953125,12.8
,2022000000,令和4年,見沼区,76178,164808,81491,83317,2.163459266,2482.176605,5370.087977,30.69
,2022000000,令和4年,中央区,49339,102653,50695,51958,2.08056507,5880.691299,12235.16091,8.39
,2022000000,令和4年,桜区,46991,95876,48620,47256,2.04030559,2520.976395,5143.562232,18.64
,2022000000,令和4年,浦和区,77544,167699,81372,86327,2.162630249,6737.098175,14569.8523,11.51
,2022000000,令和4年,南区,90141,192253,96284,95969,2.132803053,6522.503618,13911.21563,13.82
,2022000000,令和4年,緑区,57073,131324,64895,66429,2.300982952,2158.585477,4966.868381,26.44
,2022000000,令和4年,岩槻区,52178,112624,56722,55902,2.158457587,1061.175514,2290.502339,49.17
,2023000000,令和5年,さいたま市,631465,1339333,664122,675211,2.120993246,2904.088484,6159.55206,217.43
,2023000000,令和5年,西区,43052,94583,46715,47868,2.196947877,1478.434066,3248.042582,29.12
,2023000000,令和5年,北区,71450,149826,74377,75449,2.09693492,4237.841044,8886.476868,16.86
,2023000000,令和5年,大宮区,61694,124002,61489,62513,2.009952345,4819.84375,9687.65625,12.8
,2023000000,令和5年,見沼区,77061,165005,81487,83518,2.141225782,2510.948192,5376.507006,30.69
,2023000000,令和5年,中央区,50013,103059,50836,52223,2.060644232,5961.02503,12283.55185,8.39
,2023000000,令和5年,桜区,47761,96304,48797,47507,2.016373192,2562.285408,5166.523605,18.64
,2023000000,令和5年,浦和区,78439,168522,81697,86825,2.148446564,6814.856646,14641.35534,11.51
,2023000000,令和5年,南区,91350,193471,96807,96664,2.117909141,6609.985528,13999.34877,13.82
,2023000000,令和5年,緑区,57948,132308,65369,66939,2.283219438,2191.679274,5004.08472,26.44
,2023000000,令和5年,岩槻区,52697,112253,56548,55705,2.130159212,1071.73073,2282.957088,49.17
,2024000000,令和6年,さいたま市,640263,1345012,666409,678603,2.100717986,2944.685646,6185.9541,217.43
,2024000000,令和6年,西区,43822,95251,47045,48206,2.173588608,1504.876374,3270.982143,29.12
,2024000000,令和6年,北区,72392,150366,74463,75903,2.077107968,4293.71293,8918.505338,16.86
,2024000000,令和6年,大宮区,62530,124703,62008,62695,1.99429074,4885.15625,9742.421875,12.8
,2024000000,令和6年,見沼区,77988,165105,81551,83554,2.11705647,2541.15347,5379.765396,30.69
,2024000000,令和6年,中央区,50541,103107,50776,52331,2.040066481,6023.957092,12289.27294,8.39
,2024000000,令和6年,桜区,48418,96466,48781,47685,1.992358214,2597.532189,5175.214592,18.64
,2024000000,令和6年,浦和区,79589,169635,82203,87432,2.131387503,6914.769765,14738.05387,11.51
,2024000000,令和6年,南区,92502,194299,97031,97268,2.100484314,6693.342981,14059.26194,13.82
,2024000000,令和6年,緑区,58997,133648,65995,67653,2.265335526,2231.354009,5054.765507,26.44
,2024000000,令和6年,岩槻区,53484,112432,56556,55876,2.102161394,1087.736425,2286.597519,49.17
