,時間軸コード,区分,部門名,中間需要_農林漁業_（百万円）,中間需要_鉱業_（百万円）,中間需要_製造業_（百万円）,中間需要_建設_（百万円）,中間需要_電力・ガス・水道_（百万円）,中間需要_商業_（百万円）,中間需要_金融・保険_（百万円）,中間需要_不動産_（百万円）,中間需要_運輸・郵便_（百万円）,中間需要_情報通信_（百万円）,中間需要_公務_（百万円）,中間需要_サービス_（百万円）,中間需要_分類不明_（百万円）,中間需要_内生部門計_（百万円）,最終需要_家計外消費支出（列）_（百万円）,最終需要_民間消費支出_（百万円）,最終需要_一般政府消費支出_（百万円）,最終需要_市内総固定資本形成（公的）_（百万円）,最終需要_市内総固定資本形成（民間）_（百万円）,最終需要_在庫純増_（百万円）,最終需要_市内最終需要計_（百万円）,最終需要_市内需要合計_（百万円）,最終需要_移輸出計_（百万円）,最終需要_最終需要計_（百万円）,最終需要_需要合計_（百万円）,最終需要_（控除）移輸入_（百万円）,最終需要_最終需要部門計_（百万円）,市内生産額_（百万円）
,2015000000,中間需要,農林漁業,942,0,17516,433,0,115,0,2,0,0,19,13818,0,32845,526,37340,0,0,394,-101,38159,71004,6221,44380,77225,-61623,-17243,15602
,2015000000,中間需要,鉱業,0,0,2138,2119,13076,3,0,2,4,0,6,61,7,17416,-42,-72,0,0,-41,-70,-225,17191,96,-129,17287,-17193,-17322,94
,2015000000,中間需要,製造業,2470,15,328281,156399,7162,26672,11652,2875,52539,14894,22327,306862,2134,934282,12684,551865,29,32166,213338,-8201,801881,1736163,715357,1517238,2451520,-1665643,-148405,785877
,2015000000,中間需要,建設,6,0,250,73,838,512,236,1749,722,517,873,1487,0,7263,0,0,0,112581,403113,0,515694,522957,0,515694,522957,0,515694,522957
,2015000000,中間需要,電力・ガス・水道,213,2,12423,2291,20839,23770,2708,6885,10934,2901,6422,52602,213,142203,73,82764,-1860,0,0,0,80977,223180,5867,86844,229047,-43616,43228,185431
,2015000000,中間需要,商業,1152,3,52442,30980,3290,8683,2156,1422,13290,4046,4304,99167,375,221310,12873,480248,49,5461,43392,1578,543601,764911,224168,767769,989079,-189650,578119,799429
,2015000000,中間需要,金融・保険,120,4,5576,6032,4459,13514,16837,86719,12231,2499,11070,29140,107,188308,2,181017,0,0,0,0,181019,369327,79435,260454,448762,-55710,204744,393052
,2015000000,中間需要,不動産,272,2,2705,4639,2052,30362,8513,43179,6842,11492,1329,46667,1710,159764,0,715279,251,0,851,0,716381,876145,75363,791744,951508,-10824,780920,940684
,2015000000,中間需要,運輸・郵便,749,26,24866,24871,7409,47268,14984,3863,29512,10482,16338,66876,3539,250783,3221,207954,13,704,4888,362,217142,467925,118320,335462,586245,-195852,139610,390393
,2015000000,中間需要,情報通信,69,0,5337,4111,4594,31108,24090,4618,3723,64289,13654,71745,2818,230156,1399,151086,143,12277,55219,-278,219846,450002,220522,440368,670524,-298723,141645,371801
,2015000000,中間需要,公務,0,0,0,0,0,0,0,0,0,0,0,0,3930,3930,0,12112,504751,0,0,0,516863,520793,0,516863,520793,0,516863,520793
,2015000000,中間需要,サービス,437,2,27035,45483,32406,74130,49647,40819,56344,69264,48338,288597,2284,734786,85764,902178,580862,8971,150800,0,1728575,2463361,853579,2582154,3316940,-869036,1713118,2447904
,2015000000,中間需要,分類不明,57,2,2146,8032,1189,5680,2195,2373,2658,1188,342,13779,0,39641,0,100,0,0,0,0,100,39741,4318,4418,44059,-11274,-6856,32785
,2015000000,中間需要,内生部門計,6487,56,480715,285463,97314,261817,133018,194506,188799,181572,125022,990801,17117,2962687,116500,3321871,1084238,172160,871954,-6710,5560013,8522700,2303246,7863259,10825946,-3419144,4444115,7406802
,2015000000,粗付加価値,家計外消費支出（行）,121,6,11467,11403,4049,18074,12565,2997,6207,6634,5778,37063,136,116500,－,－,－,－,－,－,－,－,－,－,－,－,－,－
,2015000000,粗付加価値,雇用者所得,3136,21,120693,185609,24647,312653,124283,60181,109824,71914,187777,874860,430,2076028,－,－,－,－,－,－,－,－,－,－,－,－,－,－
,2015000000,粗付加価値,営業余剰,3462,1,76283,3307,-3108,90907,93869,366069,15184,54589,0,210048,13082,923693,－,－,－,－,－,－,－,－,－,－,－,－,－,－
,2015000000,粗付加価値,資本減耗引当,1960,4,74625,16490,53250,78207,27455,261201,51580,42992,201039,237861,1528,1048192,－,－,－,－,－,－,－,－,－,－,－,－,－,－
,2015000000,粗付加価値,間接税（除関税・輸入品商品税）,825,6,22368,22253,12042,38168,9087,56001,20377,14104,1177,105471,663,302542,－,－,－,－,－,－,－,－,－,－,－,－,－,－
,2015000000,粗付加価値,（控除）経常補助金,-389,0,-274,-1568,-2763,-397,-7225,-271,-1578,-4,0,-8200,-171,-22840,－,－,－,－,－,－,－,－,－,－,－,－,－,－
,2015000000,粗付加価値,粗付加価値部門計,9115,38,305162,237494,88117,537612,260034,746178,201594,190229,395771,1457103,15668,4444115,－,－,－,－,－,－,－,－,－,－,－,－,－,－
,2015000000,市内生産額,市内生産額,15602,94,785877,522957,185431,799429,393052,940684,390393,371801,520793,2447904,32785,7406802,－,－,－,－,－,－,－,－,－,－,－,－,－,－
