,時間軸コード,年次,区分1,区分2,評価総筆数・棟数_（筆・棟）,評価総地積・床面積_（㎡）,決定価格_（千円）,単位当たり価格_平均価格_（円/㎡）,単位当たり価格_最高価格_（円/㎡）
,2020000000,令和2年,土地,総数,714558,146451516,8612880580,58810,0
,2021000000,令和3年,土地,総数,718257,146385346,9281818276,63407,0
,2022000000,令和4年,土地,総数,721608,146296810,9282375450,63449,0
,2023000000,令和5年,土地,総数,725027,146233755,9310589968,63669,0
,2024000000,令和6年,土地,総数,728537,146180490,9797715458,67025,0
,2024000000,令和6年,土地,一般田,29113,18790733,1590201,85,112
,2024000000,令和6年,土地,宅地介在田等,211,52096,2425627,46561,189900
,2024000000,令和6年,土地,一般畑,40573,20651163,1241302,60,97
,2024000000,令和6年,土地,宅地介在畑等,8093,2548167,154433368,60606,254900
,2024000000,令和6年,土地,宅地,553713,81934772,8550841099,104362,4933700
,2024000000,令和6年,土地,池沼,50,55580,704340,12673,90488
,2024000000,令和6年,土地,一般山林,4717,2432888,161010,66,99
,2024000000,令和6年,土地,介在山林,1488,682173,19604963,28739,126000
,2024000000,令和6年,土地,原野,1366,502544,20803,41,61
,2024000000,令和6年,土地,雑種地,89213,18530374,1066692745,57565,1749187
,2024000000,令和6年,土地,その他,0,0,0,0,0
,2020000000,令和2年,家屋,総数,337799,63119138,2870665132,45480,0
,2021000000,令和3年,家屋,総数,341152,63835368,2862679516,44845,0
,2022000000,令和4年,家屋,総数,344028,64700221,2981596518,46083,0
,2023000000,令和5年,家屋,総数,346636,65256971,3062119787,46924,0
,2024000000,令和6年,家屋,総数,349568,65849416,3091817670,46953,0
,2024000000,令和6年,家屋,木造_総数,266758,28819803,933334928,32385,0
,2024000000,令和6年,家屋,木造_戸建形式住宅,236478,25184455,834486872,33135,0
,2024000000,令和6年,家屋,木造_集合形式住宅,9439,1993026,73004574,36630,0
,2024000000,令和6年,家屋,木造_併用住宅,6473,802852,12986259,16175,0
,2024000000,令和6年,家屋,木造_ホテル・旅館,40,6020,169981,28236,0
,2024000000,令和6年,家屋,木造_事務所・店舗,2787,309658,9028288,29156,0
,2024000000,令和6年,家屋,木造_劇場・病院,147,26574,985555,37087,0
,2024000000,令和6年,家屋,木造_工場・倉庫,3753,214616,1389472,6474,0
,2024000000,令和6年,家屋,木造_附属家,7641,282602,1283927,4543,0
,2024000000,令和6年,家屋,木造_その他,0,0,0,0,0
,2024000000,令和6年,家屋,木造以外のもの_総数,82810,37029613,2158482742,58291,0
,2024000000,令和6年,家屋,木造以外のもの_事務所・店舗,8958,7001644,473097394,67569,0
,2024000000,令和6年,家屋,木造以外のもの_住宅用建物,56963,23632434,1441183468,60983,0
,2024000000,令和6年,家屋,木造以外のもの_病院・ホテル,372,616302,59663542,96809,0
,2024000000,令和6年,家屋,木造以外のもの_工場・倉庫,15050,5606259,174715239,31164,0
,2024000000,令和6年,家屋,木造以外のもの_その他,1467,172974,9823099,56789,0
