,時間軸コード,産業分類コード,産業分類,総数_事業所数_（事業所）,総数_従業者数_（人）,総数_従業者数_男_（人）,総数_従業者数_女_（人）,総数_1事業所当たり従業者数_（人）,個人_事業所数_（事業所）,個人_従業者数_総数_（人）,個人_従業者数_男_（人）,個人_従業者数_女_（人）,個人_１事業所当たり従業者数_（人）,法人_総数_事業所数_（事業所）,法人_総数_従業者数_（人）,法人_総数_従業者数_男_（人）,法人_総数_従業者数_女_（人）,法人_総数_１事業所当たり従業者数_（人）,法人_会社_事業所数_（事業所）,法人_会社_従業者数_総数_（人）,法人_会社_従業者数_男_（人）,法人_会社_従業者数_女_（人）,法人_会社_１事業所当たり従業者数_（人）,法人_会社以外の法人_事業所数_（事業所）,法人_会社以外の法人_従業者数_総数_（人）,法人_会社以外の法人_従業者数_男_（人）,法人_会社以外の法人_従業者数_女_（人）,法人_会社以外の法人_１事業所当たり従業者数_（人）,法人でない団体_事業所数_（事業所）,法人でない団体_従業者数_総数_（人）,法人でない団体_従業者数_男_（人）,法人でない団体_従業者数_女_（人）,法人でない団体_１事業所当たり従業者数_（人）
,2021000000,AR,全産業（Ｓ_公務を除く）,40233,517261,271859,238496,12.9,9002,29394,12409,16935,3.3,31085,487329,259132,221347,15.7,27810,417519,233617,178284,15,3275,69810,25515,43063,21.3,146,538,318,214,3.7
,2021000000,AB,農林漁業,61,492,337,155,8.1,…,…,…,…,…,61,492,337,155,8.1,57,472,323,149,8.3,4,20,14,6,5,0,0,0,0,0
,2021000000,CR,非農林漁業（Ｓ_公務を除く）,40172,516769,271522,238341,12.9,9002,29394,12409,16935,3.3,31024,486837,258795,221192,15.7,27753,417047,233294,178135,15,3271,69790,25501,43057,21.3,146,538,318,214,3.7
,2021000000,Ｃ,鉱業，採石業，砂利採取業,0,0,0,0,0,0,0,0,0,0,0,0,0,0,0,0,0,0,0,0,0,0,0,0,0,0,0,0,0,0
,2021000000,Ｄ,建設業,3828,35298,28210,6933,9.2,392,755,600,155,1.9,3435,34542,27610,6777,10.1,3426,34420,27518,6747,10,9,122,92,30,13.6,1,1,0,1,1
,2021000000,Ｅ,製造業,2312,38018,25477,12536,16.4,355,832,547,285,2.3,1957,37186,24930,12251,19,1952,36849,24732,12112,18.9,5,337,198,139,67.4,0,0,0,0,0
,2021000000,Ｆ,電気・ガス・熱供給・水道業,37,1483,1258,225,40.1,0,0,0,0,0,37,1483,1258,225,40.1,36,1469,1247,222,40.8,1,14,11,3,14,0,0,0,0,0
,2021000000,Ｇ,情報通信業,612,11871,8005,3556,19.4,10,23,10,13,2.3,601,11848,7995,3543,19.7,588,11707,7906,3491,19.9,13,141,89,52,10.8,1,0,0,0,0
,2021000000,Ｈ,運輸業，郵便業,870,29183,23018,6061,33.5,18,24,19,5,1.3,852,29159,22999,6056,34.2,838,29059,22932,6023,34.7,14,100,67,33,7.1,0,0,0,0,0
,2021000000,Ｉ,卸売業，小売業,9456,115412,57580,55504,12.2,1412,6418,3000,3412,4.5,8038,108958,54565,52071,13.6,7951,106097,53470,50305,13.3,87,2861,1095,1766,32.9,6,36,15,21,6
,2021000000,Ｊ,金融業，保険業,805,19134,7997,11010,23.8,24,52,28,24,2.2,781,19082,7969,10986,24.4,677,16467,6347,9993,24.3,104,2615,1622,993,25.1,0,0,0,0,0
,2021000000,Ｋ,不動産業，物品賃貸業,3626,19053,11412,7466,5.3,543,853,452,401,1.6,3082,18196,10956,7065,5.9,3042,17715,10651,6890,5.8,40,481,305,175,12,1,4,4,0,4
,2021000000,Ｌ,学術研究，専門・技術サービス業,2419,17656,11199,6418,7.3,770,2517,1253,1262,3.3,1645,15123,9933,5153,9.2,1442,12661,8499,4125,8.8,203,2462,1434,1028,12.1,4,16,13,3,4
,2021000000,Ｍ,宿泊業，飲食サービス業,3990,42175,16583,24069,10.6,1585,4935,2107,2824,3.1,2405,37240,14476,21245,15.5,2396,37068,14415,21134,15.5,9,172,61,111,19.1,0,0,0,0,0
,2021000000,Ｎ,生活関連サービス業，娯楽業,3363,19592,8367,11189,5.8,1658,3444,1436,2004,2.1,1702,16141,6925,9184,9.5,1623,15442,6515,8896,9.5,79,699,410,288,8.8,3,7,6,1,2.3
,2021000000,Ｏ,教育，学習支援業,1709,19993,9601,10349,11.7,678,2106,603,1498,3.1,1028,17852,8964,8850,17.4,786,8609,4411,4160,11,242,9243,4553,4690,38.2,3,35,34,1,11.7
,2021000000,Ｐ,医療，福祉,4269,72589,19948,51299,17,1418,7118,2140,4949,5,2844,65450,17800,46337,23,1181,20235,5304,14844,17.1,1663,45215,12496,31493,27.2,7,21,8,13,3
,2021000000,Ｑ,複合サービス事業,131,4029,2500,1529,30.8,0,0,0,0,0,131,4029,2500,1529,30.8,100,3617,2227,1390,36.2,31,412,273,139,13.3,0,0,0,0,0
,2021000000,Ｒ,サービス業（他に分類されないもの）,2745,71283,40367,30197,26,139,317,214,103,2.3,2486,70548,39915,29920,28.4,1715,65632,37120,27803,38.3,771,4916,2795,2117,6.4,120,418,238,174,3.5
