,時間軸コード,男女別,産業区分1,産業区分2,総数_（人）,自営業主_（人）,自営業主_うち起業者_（人）,家族従業者_（人）,雇用者_総数_（人）,雇用者_会社などの役員_（人）,雇用者_会社などの役員_うち起業者_（人）,雇用者_会社などの役員を除く雇用者_総数_（人）,雇用者_会社などの役員を除く雇用者_正規の職員・従業員_（人）,雇用者_会社などの役員を除く雇用者_非正規の職員・従業員_総数_（人）,雇用者_会社などの役員を除く雇用者_非正規の職員・従業員_パート_（人）,雇用者_会社などの役員を除く雇用者_非正規の職員・従業員_アルバイト_（人）,雇用者_会社などの役員を除く雇用者_非正規の職員・従業員_労働者派遣事業所の派遣社員_（人）,雇用者_会社などの役員を除く雇用者_非正規の職員・従業員_契約社員_（人）
,2022000000,総数,総数,-,738200,38000,27400,5900,694000,36100,15600,657900,425200,232700,111500,50300,20000,30800
,2022000000,総数,Ａ,管理的職業従事者,17000,500,200,0,16400,12900,5900,3500,3200,300,0,0,0,0
,2022000000,総数,Ｂ,専門的・技術的職業従事者,162800,11500,10500,0,151100,4100,3000,147000,116400,30600,12400,5600,1600,5900
,2022000000,総数,Ｃ,事務従事者,204300,1600,900,1600,201000,6300,1400,194600,136100,58500,27800,5100,10100,10300
,2022000000,総数,Ｄ,販売従事者,93000,2300,1900,200,90500,6800,3000,83600,51800,31800,14200,9700,1000,4200
,2022000000,総数,Ｅ,サービス職業従事者,75800,6300,4100,1900,67500,1200,600,66400,22300,44000,24200,13800,2000,2000
,2022000000,総数,Ｆ,保安職業従事者,20300,0,0,0,20300,0,0,20300,14100,6300,200,3700,0,2100
,2022000000,総数,Ｇ,農林漁業従事者,5100,1300,300,800,3000,0,0,3000,1000,2000,800,300,0,900
,2022000000,総数,Ｈ,生産工程従事者,51800,2100,1600,0,49700,1100,0,48600,31800,16800,8300,2700,3200,1500
,2022000000,総数,Ｉ,輸送・機械運転従事者,22200,300,300,0,21900,400,400,21500,16600,4900,1600,700,400,1700
,2022000000,総数,Ｊ,建設・採掘従事者,22300,5500,4500,500,16400,2400,1400,14000,12800,1200,0,200,0,0
,2022000000,総数,Ｋ,運搬・清掃・包装等従事者,45500,5500,2500,500,39500,300,0,39200,10400,28800,19900,5600,1000,1500
,2022000000,総数,Ｌ,分類不能の職業,18200,1200,700,300,16700,600,0,16100,8700,7400,2200,2700,700,700
,2022000000,男,総数,-,414700,26100,21400,1300,387300,28500,13400,358800,286800,72100,12100,26800,4700,15900
,2022000000,男,Ａ,管理的職業従事者,15800,500,200,0,15300,12000,5400,3300,3000,300,0,0,0,0
,2022000000,男,Ｂ,専門的・技術的職業従事者,96100,7200,7200,0,88900,3900,2800,85000,76000,9000,700,3300,0,2900
,2022000000,男,Ｃ,事務従事者,93600,1100,600,0,92600,2300,600,90300,76900,13400,1800,2500,2000,2900
,2022000000,男,Ｄ,販売従事者,55100,1600,1600,0,53500,5900,2700,47500,39200,8300,1200,3400,400,1400
,2022000000,男,Ｅ,サービス職業従事者,24500,2700,2400,800,21000,900,600,20100,9500,10600,1900,5700,400,1700
,2022000000,男,Ｆ,保安職業従事者,20000,0,0,0,20000,0,0,20000,14100,5900,200,3700,0,1700
,2022000000,男,Ｇ,農林漁業従事者,3900,1300,300,0,2500,0,0,2500,1000,1500,300,300,0,900
,2022000000,男,Ｈ,生産工程従事者,32400,2100,1600,0,30300,800,0,29500,24700,4700,700,900,900,1300
,2022000000,男,Ｉ,輸送・機械運転従事者,20900,300,300,0,20500,0,0,20500,16200,4400,1000,700,400,1700
,2022000000,男,Ｊ,建設・採掘従事者,21600,5500,4500,500,15700,2400,1400,13300,12100,1200,0,200,0,0
,2022000000,男,Ｋ,運搬・清掃・包装等従事者,22100,3400,2500,0,18800,300,0,18500,9200,9300,3700,4100,600,900
,2022000000,男,Ｌ,分類不能の職業,8900,600,400,0,8300,0,0,8300,4900,3400,500,2000,0,500
,2022000000,女,総数,-,323400,11900,5900,4600,306700,7600,2200,299100,138400,160700,99400,23500,15300,14900
,2022000000,女,Ａ,管理的職業従事者,1200,0,0,0,1200,900,500,300,300,0,0,0,0,0
,2022000000,女,Ｂ,専門的・技術的職業従事者,66800,4300,3300,0,62200,200,200,62000,40400,21600,11700,2400,1600,3000
,2022000000,女,Ｃ,事務従事者,110600,600,300,1600,108400,4100,800,104300,59200,45100,25900,2600,8100,7400
,2022000000,女,Ｄ,販売従事者,37900,700,300,200,37000,900,300,36100,12500,23500,13000,6300,600,2800
,2022000000,女,Ｅ,サービス職業従事者,51300,3600,1700,1100,46600,300,0,46300,12900,33500,22300,8000,1600,300
,2022000000,女,Ｆ,保安職業従事者,400,0,0,0,400,0,0,400,0,400,0,0,0,400
,2022000000,女,Ｇ,農林漁業従事者,1300,0,0,800,500,0,0,500,0,500,500,0,0,0
,2022000000,女,Ｈ,生産工程従事者,19400,0,0,0,19400,300,0,19100,7100,12000,7600,1800,2300,200
,2022000000,女,Ｉ,輸送・機械運転従事者,1300,0,0,0,1300,400,400,1000,400,600,600,0,0,0
,2022000000,女,Ｊ,建設・採掘従事者,700,0,0,0,700,0,0,700,700,0,0,0,0,0
,2022000000,女,Ｋ,運搬・清掃・包装等従事者,23400,2100,0,500,20700,0,0,20700,1200,19500,16300,1600,400,600
,2022000000,女,Ｌ,分類不能の職業,9300,600,300,300,8400,600,0,7800,3800,4000,1600,800,700,300
