名称	,ＴＥＬ ,住所 ,lat,lon
栄小学校放課後子ども居場所事業,080-5428-2343,西区指扇610-3,35.9076842,139.5818971
七里小学校放課後子ども居場所事業,687-9335,見沼区東宮下392,35.93067516,139.6761874
鈴谷小学校放課後子ども居場所事業,826-5812,中央区鈴谷5-1-1,35.87113934,139.6311421
与野本町小学校放課後子ども居場所事業,854-9332,中央区本町東3-5-23,35.88388604,139.6231021
常盤小学校放課後子ども居場所事業,833-8582,浦和区常盤9-30-9,35.86871941,139.642469
針ヶ谷小学校放課後子ども居場所事業,822-6237,浦和区領家7-2-19,35.88110267,139.6499862
岸町小学校放課後子ども居場所事業,838-2073,浦和区岸町5-20-4,35.85140997,139.6508397
大谷場東小学校放課後子ども居場所事業,883-1255,南区大谷場2-13-54,35.85339683,139.6743318
中尾小学校放課後子ども居場所事業,874-2422,緑区中尾40-1,35.86874625,139.6821966
道祖土小学校放課後子ども居場所事業,885-2513,緑区道祖土1-1-1,35.87480575,139.6693595
尾間木小学校放課後子ども居場所事業,080-6541-7960,緑区東浦和8-11-5,35.86862885,139.6975477
上里小学校放課後子ども居場所事業,794-5757,岩槻区上里2-2,35.96493823,139.704296
新和小学校放課後子ども居場所事業,798-7762,岩槻区尾ヶ崎1252,35.91074075,139.7322835
