,時間軸コード,年次,市区名,住宅数_（戸）,住宅以外で人が居住する建物数_（棟）,世帯数_総数_（世帯）,世帯数_主世帯_総数_（世帯）,世帯数_主世帯_1人世帯_（世帯）,世帯数_主世帯_2人以上の世帯_（世帯）,世帯数_同居世帯又は住宅以外の建物に居住する世帯_総数_（世帯）,世帯数_同居世帯又は住宅以外の建物に居住する世帯_普通世帯_（世帯）,世帯数_同居世帯又は住宅以外の建物に居住する世帯_準世帯_（世帯）,世帯人員_総数_（人）,世帯人員_主世帯_総数_（人）,世帯人員_主世帯_1人世帯_（人）,世帯人員_主世帯_2人以上の世帯_（人）,世帯人員_同居世帯又は住宅以外の建物に居住する世帯_総数_（人）,世帯人員_同居世帯又は住宅以外の建物に居住する世帯_普通世帯_（人）,世帯人員_同居世帯又は住宅以外の建物に居住する世帯_準世帯_（人）
,2003000000,平成15年,さいたま市,412210,450,417360,412210,131490,280710,5150,3580,1580,1040700,1027570,131490,896080,13130,11550,1580
,2003000000,平成15年,岩槻市,37000,20,37220,37000,6130,30870,210,190,20,108820,108090,6130,101960,730,710,20
,2008000000,平成20年,さいたま市,465890,460,470260,465890,130830,335060,4380,3200,1170,1177360,1165460,130830,1034630,11900,10730,1170
,2013000000,平成25年,さいたま市,510420,380,514880,510420,163880,346540,4460,3090,1370,1224960,1213350,163880,1049470,11610,10240,1370
,2018000000,平成30年,さいたま市,544400,700,548300,544400,181300,363100,3800,1700,2100,1296000,1265200,181300,1083900,30800,5200,25600
,2023000000,令和5年,さいたま市,594400,500,599700,594400,218000,376500,5300,…,…,1344000,1310700,218000,1092700,33300,…,…
,2023000000,令和5年,西区,38580,50,38830,38580,12000,26570,250,…,…,95690,89250,12000,77240,6450,…,…
,2023000000,令和5年,北区,67320,40,67820,67320,25750,41580,500,…,…,149520,146660,25750,120910,2860,…,…
,2023000000,令和5年,大宮区,56700,30,57160,56700,22150,34550,470,…,…,123370,120900,22150,98750,2470,…,…
,2023000000,令和5年,見沼区,72560,50,73400,72560,25230,47330,840,…,…,166340,161950,25230,136720,4380,…,…
,2023000000,令和5年,中央区,48780,70,49380,48780,20500,28280,600,…,…,104280,101380,20500,80880,2900,…,…
,2023000000,令和5年,桜区,47160,40,47480,47160,20710,26440,320,…,…,99400,96460,20710,75740,2940,…,…
,2023000000,令和5年,浦和区,76960,－,77380,76960,29690,47270,420,…,…,167850,167000,29690,137310,850,…,…
,2023000000,令和5年,南区,87140,30,87900,87140,32160,54990,760,…,…,193550,191560,32160,159410,1980,…,…
,2023000000,令和5年,緑区,53010,90,53500,53010,14950,38060,490,…,…,132720,129110,14950,114160,3620,…,…
,2023000000,令和5年,岩槻区,46240,130,46900,46240,14810,31420,660,…,…,111280,106430,14810,91620,4850,…,…
