,時間軸コード,年月,世帯数_（世帯）,人口_総数_（人）,人口_男_（人）,人口_女_（人）,1世帯当たり人員_（人）,1k㎡当たり世帯密度_（世帯）,1k㎡当たり人口密度_（人）
,2021000101,令和3年1月,613242,1324589,658183,666406,2.159977627,2820.411167,6092.02502
,2021000202,令和3年2月,613390,1324457,657973,666484,2.159241266,2821.091846,6091.417928
,2021000303,令和3年3月,614011,1324854,658131,666723,2.157704015,2823.947937,6093.243803
,2021000404,令和3年4月,617314,1327691,659279,668412,2.150754721,2839.139033,6106.29168
,2021000505,令和3年5月,619412,1329621,660322,669299,2.146585794,2848.788116,6115.1681
,2021000606,令和3年6月,619900,1329901,660341,669560,2.145347637,2851.032516,6116.455871
,2021000707,令和3年7月,620409,1330286,660504,669782,2.144208095,2853.3735,6118.226556
,2021000808,令和3年8月,620686,1330330,660542,669788,2.143322066,2854.647473,6118.42892
,2021000909,令和3年9月,621235,1330988,660813,670175,2.142487143,2857.172423,6121.455181
,2021001010,令和3年10月,621338,1331281,660853,670428,2.142603543,2857.646139,6122.802741
,2021001111,令和3年11月,621852,1331797,661084,670713,2.141662325,2860.010118,6125.175919
,2021001212,令和3年12月,622308,1332257,661234,671023,2.140832192,2862.107345,6127.291542
,2022000101,令和4年1月,622491,1332226,661105,671121,2.14015303,2862.948995,6127.148967
,2022000202,令和4年2月,622517,1332084,661013,671071,2.139835539,2863.068574,6126.495884
,2022000303,令和4年3月,622683,1331961,660969,670992,2.139067551,2863.832038,6125.930184
,2022000404,令和4年4月,626077,1334975,662278,672697,2.132285645,2879.441659,6139.792117
,2022000505,令和4年5月,628068,1336679,663231,673448,2.128239299,2888.598629,6147.629122
,2022000606,令和4年6月,629174,1337806,663762,674044,2.126289389,2893.685324,6152.812399
,2022000707,令和4年7月,629660,1338341,664113,674228,2.125497888,2895.920526,6155.272961
,2022000808,令和4年8月,630021,1338537,664114,674423,2.124591085,2897.580831,6156.174401
,2022000909,令和4年9月,630250,1338783,664120,674663,2.124209441,2898.634043,6157.3058
,2022001010,令和4年10月,630645,1338810,664005,674805,2.122921771,2900.45072,6157.429977
,2022001111,令和4年11月,631223,1339386,664287,675099,2.121890362,2903.109047,6160.079106
,2022001212,令和4年12月,631425,1339375,664260,675115,2.121194124,2904.038081,6160.028515
,2023000101,令和5年1月,631465,1339333,664122,675211,2.120993246,2904.222048,6159.835349
,2023000202,令和5年2月,631476,1339009,663813,675196,2.120443216,2904.272639,6158.345215
,2023000303,令和5年3月,631593,1338623,663576,675047,2.119439259,2904.810744,6156.569931
,2023000404,令和5年4月,634697,1340923,664518,676405,2.11269787,2919.086603,6167.148048
,2023000505,令和5年5月,636516,1342207,665181,677026,2.108677551,2927.452513,6173.053396
,2023000606,令和5年6月,637082,1342514,665335,677179,2.107286032,2930.05565,6174.465345
,2023000707,令和5年7月,637612,1342944,665500,677444,2.106208792,2932.493216,6176.442993
,2023000808,令和5年8月,638042,1343296,665641,677655,2.105341028,2934.470864,6178.061905
,2023000909,令和5年9月,638296,1343507,665746,677761,2.104833808,2935.639056,6179.032332
,2023001010,令和5年10月,638800,1343826,665885,677941,2.103672511,2937.957044,6180.499471
,2023001111,令和5年11月,639639,1344613,666384,678229,2.102143553,2941.815757,6184.119027
,2023001212,令和5年12月,640062,1344875,666453,678422,2.101163637,2943.761211,6185.324012
,2024000101,令和6年1月,640263,1345012,666409,678603,2.100717986,2944.685646,6185.9541
,2024000202,令和6年2月,640425,1344892,666285,678607,2.099999219,2945.430713,6185.402198
,2024000303,令和6年3月,640643,1344703,666117,678586,2.098989609,2946.433335,6184.532953
,2024000404,令和6年4月,643592,1346412,666814,679598,2.092027247,2959.996321,6192.392954
,2024000505,令和6年5月,646220,1348612,668242,680370,2.086923958,2972.082969,6202.511153
,2024000606,令和6年6月,646894,1349020,668487,680533,2.085380294,2975.182817,6204.4
,2024000707,令和6年7月,647311,1349216,668497,680719,2.084339676,2977.100676,6205.3
,2024000808,令和6年8月,647810,1349653,668665,680988,2.083408716,2979.395668,6207.3
,2024000909,令和6年9月,648090,1349790,668712,681078,2.082719993,2980.683438,6207.9
,2024001010,令和6年10月,648626,1350047,668803,681244,2.081395134,2983.1486,6209.1
,2024001111,令和6年11月,649447,1350752,669113,681639,2.079849472,2986.924527,6212.353401
,2024001212,令和6年12月,649587,1350607,668963,681644,2.079178001,2987.568413,6211.68652
,2025000101,令和7年1月,649585,1350500,668943,681557,2.079019682,2987.559214,6211.2
,2025000202,令和7年2月,649474,1349958,668650,681308,2.07854048,2987.048705,6208.7
,2025000303,令和7年3月,649651,1349836,668520,681316,2.077786381,2987.86276,6208.1
,2025000404,令和7年4月,652825,1351872,669417,682455,2.070803048,3002.460562,6217.5
,2025000505,令和7年5月,655167,1353552,670343,683209,2.065964861,3013.231845,6225.2
,2025000606,令和7年6月,655722,1353709,670463,683246,2.06,3015.78439,6226
,2025000707,令和7年7月,656293,1354127,670512,683615,2.06,3018.410523,6228
,2025000808,令和7年8月,656730,1354430,670619,683811,2.06,3020.420365,6229
,2025000909,令和7年9月,656951,1354457,670683,683774,2.06,3021.436784,6229
,2025001010,令和7年10月,657664,1355010,670780,684230,2.06,3024.716001,6232
,2025001111,令和7年11月,658331,1355706,671201,684505,2.059307552,3027.783655,6235
,2025001212,令和7年12月,658530,1355669,671197,684472,2.058629068,3028.698892,6235
